"","isl_pkc","ship_pkc","isl_exp","ship_exp","isl_blc","ship_blc","both_pkc","both_exp","both_blc","choice","expert"
"1","1.00","1.00","9","9","1.00","1.00","1.00","9.00","1.00",1,1
"2","2.50","1.50","7","8","1.00","1.00","2.00","7.50","1.00",1,1
"3","1.50","3.00","9","8","1.00","1.00","2.25","8.50","1.00",1,1
"4","1.00","1.00","9","9","1.00","1.00","1.00","9.00","1.00",1,1
"5","1.00","1.00","9","9","1.00","1.00","1.00","9.00","1.00",1,1
"6","1.00","1.00","8","8","1.00","1.00","1.00","8.00","1.00",1,1
"7","1.00","1.00","1","9","1.00","1.00","1.00","5.00","1.00",1,1
"8","1.00","1.00","9","9","1.00","1.00","1.00","9.00","1.00",1,1
"9","1.00","1.00","9","8","1.00","1.00","1.00","8.50","1.00",1,1
"10","2.00","1.00","8","8","1.00","1.00","1.50","8.00","1.00",1,1
"11","3.50","6.00","7","8","1.50","2.00","4.75","7.50","1.75",1,1
"12","2.00","2.00","8","8","1.00","1.00","2.00","8.00","1.00",1,1
"13","3.00","1.00","9","9","1.00","1.00","2.00","9.00","1.00",1,1
"14","2.00","1.00","9","9","2.00","1.00","1.50","9.00","1.50",1,1
"15","1.00","1.00","9","9","1.00","1.00","1.00","9.00","1.00",1,1
"16","1.00","2.00","9","9","1.00","2.00","1.50","9.00","1.50",1,1
"17","1.00","2.50","7","8","1.00","2.00","1.75","7.50","1.50",1,1
"18","5.00","4.50","6","6","4.00","3.00","4.75","6.00","3.50",1,1
"19","2.50","2.50","9","3","1.50","2.00","2.50","6.00","1.75",1,1
"20","7.00","7.00","7","9","6.50","6.50","7.00","8.00","6.50",1,1
"21","1.50","1.50","8","8","1.00","1.00","1.50","8.00","1.00",1,1
"22","1.00","1.00","6","6","1.00","1.00","1.00","6.00","1.00",1,1
"23","1.50","1.00","8","8","1.00","1.00","1.25","8.00","1.00",1,1
"24","1.00","1.00","7","7","1.00","1.00","1.00","7.00","1.00",1,1
"25","1.00","1.00","9","9","1.00","1.00","1.00","9.00","1.00",1,1
"26","1.00","3.00","9","9","1.00","1.00","2.00","9.00","1.00",1,1
"27","1.00","1.00","9","9","1.00","1.00","1.00","9.00","1.00",1,1
"28","1.00","1.00","9","9","1.00","1.00","1.00","9.00","1.00",1,1
"29","1.00","1.00","9","9","1.00","1.00","1.00","9.00","1.00",1,1
"30","2.00","3.00","9","9","1.00","1.00","2.50","9.00","1.00",1,1
"31","2.50","2.50","9","9","1.00","1.00","2.50","9.00","1.00",1,1
"32","7.50","6.50","7","7","7.50","7.50","7.00","7.00","7.50",1,1
"33","4.50","1.00","9","5","2.00","1.00","2.75","7.00","1.50",1,1
"34","2.00","2.00","8","7","1.00","3.00","2.00","7.50","2.00",1,1
"35","1.00","1.00","9","9","1.00","1.00","1.00","9.00","1.00",1,1
"36","1.50","1.00","8","8","1.00","1.00","1.25","8.00","1.00",1,1
"37","1.00","1.00","9","9","1.00","1.00","1.00","9.00","1.00",1,1
"38","1.00","1.00","9","9","1.00","1.00","1.00","9.00","1.00",1,1
"39","1.00","1.00","9","9","1.00","2.50","1.00","9.00","1.75",1,1
"40","1.50","2.00","9","8","1.00","1.00","1.75","8.50","1.00",1,1
"41","1.50","2.50","9","9","1.50","1.50","2.00","9.00","1.50",1,1
"42","1.00","1.00","9","9","1.00","1.00","1.00","9.00","1.00",1,1
"43","2.00","1.50","6","6","1.50","1.00","1.75","6.00","1.25",1,1
"44","6.00","4.00","9","9","1.50","4.00","5.00","9.00","2.75",1,1
"45","1.00","1.00","9","9","2.00","2.00","1.00","9.00","2.00",1,1
"46","2.50","2.50","8","9","1.00","2.00","2.50","8.50","1.50",1,1
"47","3.00","2.50","7","7","1.00","1.00","2.75","7.00","1.00",1,1
"48","3.00","3.50","5","3","2.50","2.50","3.25","4.00","2.50",1,1
"49","1.00","2.00","7","5","1.00","1.00","1.50","6.00","1.00",1,1
"50","1.00","1.00","9","9","1.00","1.00","1.00","9.00","1.00",1,1
"51","1.00","1.00","8","7","1.00","1.00","1.00","7.50","1.00",1,1
"52","1.00","1.00","9","8","1.00","1.00","1.00","8.50","1.00",1,1
"53","1.00","1.00","6","6","1.00","1.00","1.00","6.00","1.00",1,1
"54","1.00","1.00","9","9","1.00","1.00","1.00","9.00","1.00",1,1
"55","1.50","1.50","9","9","1.00","2.00","1.50","9.00","1.50",1,1
"56","1.00","2.50","9","8","1.00","2.00","1.75","8.50","1.50",1,1
"57","1.00","1.00","9","9","1.00","1.00","1.00","9.00","1.00",1,1
"58","1.00","1.00","9","7","1.00","4.50","1.00","8.00","2.75",1,1
"59","1.00","1.00","5","6","1.00","1.00","1.00","5.50","1.00",1,1
"60","1.00","1.00","9","9","1.00","1.00","1.00","9.00","1.00",1,1
"61","1.00","3.00","9","9","1.00","1.00","2.00","9.00","1.00",1,1
"62","2.00","1.50","7","7","2.00","3.00","1.75","7.00","2.50",1,1
"63","4.50","1.50","9","9","1.50","2.00","3.00","9.00","1.75",1,1
"64","1.50","1.00","9","9","1.00","1.50","1.25","9.00","1.25",1,1
"65","1.00","1.50","9","9","1.00","1.00","1.25","9.00","1.00",1,1
"66","1.00","1.00","8","8","2.00","2.00","1.00","8.00","2.00",1,1
"67","4.00","6.00","8","5","1.50","7.00","5.00","6.50","4.25",1,1
"68","2.00","4.00","8","7","1.00","2.50","3.00","7.50","1.75",1,1
"69","6.50","2.00","9","8","1.00","1.00","4.25","8.50","1.00",1,1
"70","3.00","3.00","7","7","3.00","3.00","3.00","7.00","3.00",1,1
"71","1.00","1.00","9","9","1.00","1.00","1.00","9.00","1.00",1,1
"72","1.00","1.00","9","9","1.00","1.00","1.00","9.00","1.00",1,1
"73","2.00","1.50","8","9","1.00","1.00","1.75","8.50","1.00",1,1
"74","3.50","1.50","9","9","1.00","1.00","2.50","9.00","1.00",1,1
"75","1.00","3.00","6","7","1.00","1.00","2.00","6.50","1.00",1,1
"76","3.00","1.00","8","6","1.00","1.00","2.00","7.00","1.00",1,1
"77","1.00","1.00","9","9","1.00","1.00","1.00","9.00","1.00",1,1
"78","4.00","3.00","7","7","2.00","2.00","3.50","7.00","2.00",1,1
"79","1.00","1.00","9","9","1.00","1.00","1.00","9.00","1.00",1,1
"80","1.00","1.00","9","9","1.00","1.00","1.00","9.00","1.00",1,1
"81","1.00","5.00","8","8","1.00","1.00","3.00","8.00","1.00",1,1
"82","4.00","3.50","8","8","3.00","3.50","3.75","8.00","3.25",1,1
"83","1.00","1.00","9","9","1.50","1.50","1.00","9.00","1.50",1,1
"84","1.00","1.00","9","9","1.50","1.50","1.00","9.00","1.50",1,1
"85","3.00","5.00","6","5","3.00","6.00","4.00","5.50","4.50",1,1
"86","1.00","1.00","5","9","1.00","1.00","1.00","7.00","1.00",1,1
"87","1.50","1.00","8","8","1.00","1.00","1.25","8.00","1.00",1,1
"88","2.00","2.00","8","8","1.00","1.00","2.00","8.00","1.00",1,1
"89","1.00","2.00","9","8","1.50","3.00","1.50","8.50","2.25",1,1
"90","3.00","3.00","9","9","1.00","1.00","3.00","9.00","1.00",1,1
"91","2.00","2.50","8","9","1.00","1.00","2.25","8.50","1.00",1,1
"92","1.00","2.00","6","9","1.00","1.00","1.50","7.50","1.00",1,1
"93","1.00","1.00","9","9","1.00","1.00","1.00","9.00","1.00",1,1
"94","1.00","1.00","5","5","1.00","1.00","1.00","5.00","1.00",1,1
"95","2.00","4.50","8","8","1.00","1.00","3.25","8.00","1.00",1,1
"96","2.00","2.00","8","8","1.00","1.00","2.00","8.00","1.00",1,1
"97","1.00","1.00","9","9","1.00","1.00","1.00","9.00","1.00",1,1
"98","5.50","6.50","8","8","3.50","6.50","6.00","8.00","5.00",1,1
"99","1.00","1.00","5","7","1.00","1.00","1.00","6.00","1.00",1,1
"100","4.50","4.50","7","9","1.00","2.50","4.50","8.00","1.75",1,1
"101","1.00","3.00","9","9","1.00","1.00","2.00","9.00","1.00",1,1
"102","1.00","1.00","9","9","1.00","1.00","1.00","9.00","1.00",1,1
"103","2.00","1.50","9","9","2.00","2.00","1.75","9.00","2.00",1,1
"104","7.00","5.00","7","7","4.50","4.50","6.00","7.00","4.50",1,1
"105","2.00","2.50","8","8","1.00","1.00","2.25","8.00","1.00",1,1
"106","1.00","1.00","9","9","1.00","1.00","1.00","9.00","1.00",1,1
"107","1.50","1.50","8","8","1.50","1.50","1.50","8.00","1.50",1,1
"108","2.50","3.00","8","7","2.00","3.00","2.75","7.50","2.50",1,1
"109","4.50","5.50","7","7","5.00","6.50","5.00","7.00","5.75",1,1
"110","5.00","5.50","8","6","1.00","2.00","5.25","7.00","1.50",1,1
"111","1.00","1.00","9","9","1.00","1.00","1.00","9.00","1.00",1,1
"112","1.00","1.00","9","9","1.00","1.00","1.00","9.00","1.00",1,1
"113","4.00","1.00","5","6","6.00","3.50","2.50","5.50","4.75",1,1
"114","4.50","5.50","5","4","5.00","5.00","5.00","4.50","5.00",1,1
"115","1.00","1.50","9","9","1.00","1.00","1.25","9.00","1.00",1,1
"116","1.00","1.00","9","9","1.00","1.00","1.00","9.00","1.00",1,1
"117","1.00","1.00","9","9","1.00","1.00","1.00","9.00","1.00",1,1
"118","2.00","1.00","9","9","1.00","1.00","1.50","9.00","1.00",1,1
"119","1.00","1.00","9","9","1.00","1.00","1.00","9.00","1.00",1,1
"120","1.00","1.00","9","9","1.00","1.00","1.00","9.00","1.00",1,1
"121","2.00","2.00","9","9","4.00","4.50","2.00","9.00","4.25",1,1
"122","6.50","4.50","6","7","3.50","1.50","5.50","6.50","2.50",1,1
"123","5.00","4.50","5","4","5.50","7.00","4.75","4.50","6.25",1,1
"124","1.00","1.50","8","5","1.00","1.00","1.25","6.50","1.00",1,1
"125","2.50","1.00","8","5","1.00","1.00","1.75","6.50","1.00",1,1
"126","1.00","1.00","9","9","1.00","1.00","1.00","9.00","1.00",1,1
"127","4.00","4.50","6","7","3.50","3.00","4.25","6.50","3.25",1,1
"128","1.00","1.00","9","9","1.00","1.00","1.00","9.00","1.00",1,1
"129","1.00","1.00","9","9","1.00","1.00","1.00","9.00","1.00",1,1
"130","3.50","1.00","7","8","2.00","1.00","2.25","7.50","1.50",1,1
"131","2.50","2.50","7","7","2.00","2.00","2.50","7.00","2.00",1,1
"132","1.00","1.00","8","8","1.00","1.00","1.00","8.00","1.00",1,1
"133","3.50","3.50","9","9","1.00","1.00","3.50","9.00","1.00",1,1
"134","2.00","3.00","8","8","1.00","1.00","2.50","8.00","1.00",1,1
"135","1.00","1.00","8","9","1.00","1.00","1.00","8.50","1.00",1,1
"136","1.50","1.50","9","9","1.00","1.00","1.50","9.00","1.00",1,1
"137","1.00","1.50","8","8","1.00","1.00","1.25","8.00","1.00",1,1
"138","1.00","1.00","9","9","1.00","1.00","1.00","9.00","1.00",1,1
"139","1.00","1.00","9","9","1.00","1.00","1.00","9.00","1.00",1,1
"140","1.00","1.00","8","9","1.00","1.00","1.00","8.50","1.00",1,1
"141","4.00","1.00","6","8","1.00","1.00","2.50","7.00","1.00",1,1
"142","1.00","1.00","9","9","1.00","1.00","1.00","9.00","1.00",1,1
"143","3.00","3.00","5","9","1.00","1.00","3.00","7.00","1.00",1,1
"144","1.00","1.00","9","9","1.00","1.00","1.00","9.00","1.00",1,1
"145","2.50","2.00","7","8","2.00","2.00","2.25","7.50","2.00",1,1
"146","3.50","3.00","9","9","2.00","1.50","3.25","9.00","1.75",1,1
"147","5.50","4.50","6","6","2.00","2.00","5.00","6.00","2.00",1,1
"148","1.50","2.00","7","7","1.00","1.00","1.75","7.00","1.00",1,1
"149","1.00","1.00","8","8","1.00","1.00","1.00","8.00","1.00",1,1
"150","1.50","5.00","9","5","1.00","1.00","3.25","7.00","1.00",1,1
"151","2.50","2.50","6","7","2.00","3.00","2.50","6.50","2.50",1,1
"152","1.00","1.00","8","8","1.00","1.00","1.00","8.00","1.00",1,1
"153","2.50","4.00","8","7","2.50","3.50","3.25","7.50","3.00",1,1
"154","1.50","1.50","9","9","1.00","1.00","1.50","9.00","1.00",1,1
"155","1.50","1.00","9","9","1.00","1.00","1.25","9.00","1.00",1,1
"156","1.00","1.00","9","5","1.00","1.00","1.00","7.00","1.00",1,1
"157","1.00","1.00","9","9","1.00","1.00","1.00","9.00","1.00",1,1
"158","3.00","4.50","7","6","1.00","4.50","3.75","6.50","2.75",1,1
"159","1.50","1.00","9","9","1.00","1.00","1.25","9.00","1.00",1,1
"160","1.50","1.00","9","9","1.00","1.00","1.25","9.00","1.00",1,1
"161","1.00","2.00","9","7","1.00","1.00","1.50","8.00","1.00",1,1
"162","3.00","#NULL!","8","#NULL!","1.00","#NULL!","#NULL!","#NULL!","#NULL!",1,1
"163","1.00","#NULL!","8","#NULL!","1.00","#NULL!","#NULL!","#NULL!","#NULL!",1,1
"164","4.50","#NULL!","6","#NULL!","3.50","#NULL!","#NULL!","#NULL!","#NULL!",1,1
"165","4.00","#NULL!","7","#NULL!","1.00","#NULL!","#NULL!","#NULL!","#NULL!",1,1
"166","1.00","#NULL!","9","#NULL!","1.00","#NULL!","#NULL!","#NULL!","#NULL!",1,1
"167","1.00","#NULL!","9","#NULL!","1.00","#NULL!","#NULL!","#NULL!","#NULL!",1,1
"168","1.00","#NULL!","9","#NULL!","1.00","#NULL!","#NULL!","#NULL!","#NULL!",1,1
"169","4.50","#NULL!","6","#NULL!","4.00","#NULL!","#NULL!","#NULL!","#NULL!",1,1
"170","1.00","#NULL!","9","#NULL!","1.00","#NULL!","#NULL!","#NULL!","#NULL!",1,1
"171","1.00","#NULL!","9","#NULL!","1.50","#NULL!","#NULL!","#NULL!","#NULL!",1,1
"172","1.00","#NULL!","9","#NULL!","1.00","#NULL!","#NULL!","#NULL!","#NULL!",1,1
"173","2.50","#NULL!","7","#NULL!","3.00","#NULL!","#NULL!","#NULL!","#NULL!",1,1
"174","2.50","#NULL!","6","#NULL!","1.00","#NULL!","#NULL!","#NULL!","#NULL!",1,1
"175","1.00","#NULL!","9","#NULL!","1.00","#NULL!","#NULL!","#NULL!","#NULL!",1,1
"176","1.00","#NULL!","8","#NULL!","1.00","#NULL!","#NULL!","#NULL!","#NULL!",1,1
"177","2.50","#NULL!","7","#NULL!","2.50","#NULL!","#NULL!","#NULL!","#NULL!",1,1
"178","1.00","#NULL!","9","#NULL!","1.00","#NULL!","#NULL!","#NULL!","#NULL!",1,1
"179","1.00","#NULL!","9","#NULL!","2.00","#NULL!","#NULL!","#NULL!","#NULL!",1,1
"180","1.00","#NULL!","5","#NULL!","1.00","#NULL!","#NULL!","#NULL!","#NULL!",1,1
"181","8.00","#NULL!","9","#NULL!","7.50","#NULL!","#NULL!","#NULL!","#NULL!",1,1
"182","1.00","#NULL!","9","#NULL!","1.00","#NULL!","#NULL!","#NULL!","#NULL!",1,1
"183","1.00","#NULL!","7","#NULL!","1.00","#NULL!","#NULL!","#NULL!","#NULL!",1,1
"184","1.00","#NULL!","9","#NULL!","1.00","#NULL!","#NULL!","#NULL!","#NULL!",1,1
"185","1.00","#NULL!","5","#NULL!","3.00","#NULL!","#NULL!","#NULL!","#NULL!",1,1
"186","#NULL!","5.50","#NULL!","5","#NULL!","5.50","#NULL!","#NULL!","#NULL!",1,1
"187","#NULL!","4.50","#NULL!","7","#NULL!","6.00","#NULL!","#NULL!","#NULL!",1,1
"188","#NULL!","6.00","#NULL!","4","#NULL!","5.50","#NULL!","#NULL!","#NULL!",1,1
"189","#NULL!","1.50","#NULL!","8","#NULL!","1.00","#NULL!","#NULL!","#NULL!",1,1
"190","#NULL!","1.50","#NULL!","9","#NULL!","1.00","#NULL!","#NULL!","#NULL!",1,1
"191","#NULL!","5.50","#NULL!","7","#NULL!","4.00","#NULL!","#NULL!","#NULL!",1,1
"192","#NULL!","1.00","#NULL!","9","#NULL!","1.00","#NULL!","#NULL!","#NULL!",1,1
"193","#NULL!","2.00","#NULL!","8","#NULL!","2.00","#NULL!","#NULL!","#NULL!",1,1
"194","#NULL!","1.50","#NULL!","8","#NULL!","1.00","#NULL!","#NULL!","#NULL!",1,1
"195","#NULL!","1.00","#NULL!","9","#NULL!","1.00","#NULL!","#NULL!","#NULL!",1,1
"196","#NULL!","9.00","#NULL!","1","#NULL!","6.50","#NULL!","#NULL!","#NULL!",1,1
"197","#NULL!","2.00","#NULL!","5","#NULL!","4.00","#NULL!","#NULL!","#NULL!",1,1
"198","#NULL!","3.00","#NULL!","9","#NULL!","1.00","#NULL!","#NULL!","#NULL!",1,1
"199","#NULL!","1.00","#NULL!","8","#NULL!","1.00","#NULL!","#NULL!","#NULL!",1,1
"200","#NULL!","2.00","#NULL!","5","#NULL!","1.00","#NULL!","#NULL!","#NULL!",1,1
"201","#NULL!","1.00","#NULL!","9","#NULL!","1.00","#NULL!","#NULL!","#NULL!",1,1
"202","#NULL!","5.50","#NULL!","5","#NULL!","7.00","#NULL!","#NULL!","#NULL!",1,1
"203","#NULL!","2.00","#NULL!","9","#NULL!","1.00","#NULL!","#NULL!","#NULL!",1,1
"204","#NULL!","1.00","#NULL!","5","#NULL!","1.00","#NULL!","#NULL!","#NULL!",1,1
"205","#NULL!","1.00","#NULL!","8","#NULL!","1.00","#NULL!","#NULL!","#NULL!",1,1
"206","#NULL!","6.00","#NULL!","6","#NULL!","4.50","#NULL!","#NULL!","#NULL!",1,1
"207","#NULL!","1.00","#NULL!","9","#NULL!","1.00","#NULL!","#NULL!","#NULL!",1,1
"208","#NULL!","1.50","#NULL!","8","#NULL!","1.50","#NULL!","#NULL!","#NULL!",1,1
"209","#NULL!","2.00","#NULL!","7","#NULL!","3.00","#NULL!","#NULL!","#NULL!",1,1
"210","#NULL!","1.00","#NULL!","9","#NULL!","1.00","#NULL!","#NULL!","#NULL!",1,1
"211","#NULL!","#NULL!","#NULL!","#NULL!","#NULL!","#NULL!","#NULL!","#NULL!","#NULL!",1,1
"212","#NULL!","#NULL!","#NULL!","#NULL!","#NULL!","#NULL!","#NULL!","#NULL!","#NULL!",1,1
"213","#NULL!","#NULL!","#NULL!","#NULL!","#NULL!","#NULL!","#NULL!","#NULL!","#NULL!",1,1
"214","#NULL!","#NULL!","#NULL!","#NULL!","#NULL!","#NULL!","#NULL!","#NULL!","#NULL!",1,1
"215","#NULL!","#NULL!","#NULL!","#NULL!","#NULL!","#NULL!","#NULL!","#NULL!","#NULL!",1,1
"216","#NULL!","#NULL!","#NULL!","#NULL!","#NULL!","#NULL!","#NULL!","#NULL!","#NULL!",1,1
"217","#NULL!","#NULL!","#NULL!","#NULL!","#NULL!","#NULL!","#NULL!","#NULL!","#NULL!",1,1
"218","#NULL!","#NULL!","#NULL!","#NULL!","#NULL!","#NULL!","#NULL!","#NULL!","#NULL!",1,1
"219","#NULL!","#NULL!","#NULL!","#NULL!","#NULL!","#NULL!","#NULL!","#NULL!","#NULL!",1,1
"220","#NULL!","#NULL!","#NULL!","#NULL!","#NULL!","#NULL!","#NULL!","#NULL!","#NULL!",1,1
"221","#NULL!","#NULL!","#NULL!","#NULL!","#NULL!","#NULL!","#NULL!","#NULL!","#NULL!",1,1
"222","#NULL!","#NULL!","#NULL!","#NULL!","#NULL!","#NULL!","#NULL!","#NULL!","#NULL!",1,1
"223","#NULL!","#NULL!","#NULL!","#NULL!","#NULL!","#NULL!","#NULL!","#NULL!","#NULL!",1,1
"224","#NULL!","#NULL!","#NULL!","#NULL!","#NULL!","#NULL!","#NULL!","#NULL!","#NULL!",1,1
"225","#NULL!","#NULL!","#NULL!","#NULL!","#NULL!","#NULL!","#NULL!","#NULL!","#NULL!",1,1
"226","#NULL!","#NULL!","#NULL!","#NULL!","#NULL!","#NULL!","#NULL!","#NULL!","#NULL!",1,1
"227","#NULL!","#NULL!","#NULL!","#NULL!","#NULL!","#NULL!","#NULL!","#NULL!","#NULL!",1,1
"228","#NULL!","#NULL!","#NULL!","#NULL!","#NULL!","#NULL!","#NULL!","#NULL!","#NULL!",1,1
"229","#NULL!","#NULL!","#NULL!","#NULL!","#NULL!","#NULL!","#NULL!","#NULL!","#NULL!",1,1
"230","#NULL!","#NULL!","#NULL!","#NULL!","#NULL!","#NULL!","#NULL!","#NULL!","#NULL!",1,1
"231","#NULL!","#NULL!","#NULL!","#NULL!","#NULL!","#NULL!","#NULL!","#NULL!","#NULL!",1,1
"232","#NULL!","#NULL!","#NULL!","#NULL!","#NULL!","#NULL!","#NULL!","#NULL!","#NULL!",1,1
"233","#NULL!","#NULL!","#NULL!","#NULL!","#NULL!","#NULL!","#NULL!","#NULL!","#NULL!",1,1
"234","#NULL!","#NULL!","#NULL!","#NULL!","#NULL!","#NULL!","#NULL!","#NULL!","#NULL!",1,1
"235","#NULL!","#NULL!","#NULL!","#NULL!","#NULL!","#NULL!","#NULL!","#NULL!","#NULL!",1,1
"236","#NULL!","#NULL!","#NULL!","#NULL!","#NULL!","#NULL!","#NULL!","#NULL!","#NULL!",1,1
"237","#NULL!","#NULL!","#NULL!","#NULL!","#NULL!","#NULL!","#NULL!","#NULL!","#NULL!",1,1
"238","#NULL!","#NULL!","#NULL!","#NULL!","#NULL!","#NULL!","#NULL!","#NULL!","#NULL!",1,1
"239","#NULL!","#NULL!","#NULL!","#NULL!","#NULL!","#NULL!","#NULL!","#NULL!","#NULL!",1,1
"240","#NULL!","#NULL!","#NULL!","#NULL!","#NULL!","#NULL!","#NULL!","#NULL!","#NULL!",1,1
"241","#NULL!","#NULL!","#NULL!","#NULL!","#NULL!","#NULL!","#NULL!","#NULL!","#NULL!",1,1
"242","#NULL!","#NULL!","#NULL!","#NULL!","#NULL!","#NULL!","#NULL!","#NULL!","#NULL!",1,1
"243","#NULL!","#NULL!","#NULL!","#NULL!","#NULL!","#NULL!","#NULL!","#NULL!","#NULL!",1,1
"244","#NULL!","#NULL!","#NULL!","#NULL!","#NULL!","#NULL!","#NULL!","#NULL!","#NULL!",1,1
"245","#NULL!","#NULL!","#NULL!","#NULL!","#NULL!","#NULL!","#NULL!","#NULL!","#NULL!",1,1
"246","#NULL!","#NULL!","#NULL!","#NULL!","#NULL!","#NULL!","#NULL!","#NULL!","#NULL!",1,1
"247","#NULL!","#NULL!","#NULL!","#NULL!","#NULL!","#NULL!","#NULL!","#NULL!","#NULL!",1,1
"248","#NULL!","#NULL!","#NULL!","#NULL!","#NULL!","#NULL!","#NULL!","#NULL!","#NULL!",1,1
"249","#NULL!","#NULL!","#NULL!","#NULL!","#NULL!","#NULL!","#NULL!","#NULL!","#NULL!",1,1
"250","2.50","2.50","6","5","1.00","2.00","2.50","5.50","1.50",1,2
"251","2.00","1.50","8","7","2.00","1.50","1.75","7.50","1.75",1,2
"252","1.00","1.00","4","5","1.00","1.00","1.00","4.50","1.00",1,2
"253","1.00","1.00","5","9","1.00","1.00","1.00","7.00","1.00",1,2
"254","1.00","1.50","9","8","1.00","1.00","1.25","8.50","1.00",1,2
"255","1.00","1.00","9","9","1.00","1.00","1.00","9.00","1.00",1,2
"256","1.00","1.00","8","8","1.00","1.00","1.00","8.00","1.00",1,2
"257","3.00","4.50","7","7","1.50","2.50","3.75","7.00","2.00",1,2
"258","1.00","1.00","5","5","1.00","1.00","1.00","5.00","1.00",1,2
"259","1.00","1.00","9","9","1.00","1.00","1.00","9.00","1.00",1,2
"260","2.00","3.00","5","7","1.50","1.50","2.50","6.00","1.50",1,2
"261","4.00","2.00","8","8","1.00","1.00","3.00","8.00","1.00",1,2
"262","1.00","2.00","9","8","1.00","1.00","1.50","8.50","1.00",1,2
"263","1.00","1.00","5","5","1.00","1.00","1.00","5.00","1.00",1,2
"264","8.00","1.00","5","9","1.00","1.00","4.50","7.00","1.00",1,2
"265","1.00","1.00","8","8","1.00","2.00","1.00","8.00","1.50",1,2
"266","1.00","1.00","9","9","1.00","1.00","1.00","9.00","1.00",1,2
"267","1.00","1.00","9","9","1.00","1.00","1.00","9.00","1.00",1,2
"268","2.00","2.50","9","9","1.00","1.50","2.25","9.00","1.25",1,2
"269","1.00","1.00","6","2","1.00","1.00","1.00","4.00","1.00",1,2
"270","1.00","1.00","1","9","1.00","1.00","1.00","5.00","1.00",1,2
"271","5.50","3.00","5","7","6.00","1.50","4.25","6.00","3.75",1,2
"272","1.00","1.50","8","8","1.50","1.50","1.25","8.00","1.50",1,2
"273","3.00","1.50","4","5","1.00","1.00","2.25","4.50","1.00",1,2
"274","1.00","2.00","9","9","1.00","1.00","1.50","9.00","1.00",1,2
"275","1.00","1.50","9","9","1.00","1.00","1.25","9.00","1.00",1,2
"276","5.00","5.50","5","5","5.50","5.00","5.25","5.00","5.25",1,2
"277","1.00","1.00","9","9","1.00","1.00","1.00","9.00","1.00",1,2
"278","1.00","1.00","9","9","1.00","1.00","1.00","9.00","1.00",1,2
"279","2.50","2.50","7","6","2.00","2.50","2.50","6.50","2.25",1,2
"280","8.00","3.50","9","9","2.00","3.00","5.75","9.00","2.50",1,2
"281","3.50","1.00","6","7","2.50","1.00","2.25","6.50","1.75",1,2
"282","1.00","1.00","9","9","1.00","1.00","1.00","9.00","1.00",1,2
"283","7.00","7.00","6","7","7.50","6.50","7.00","6.50","7.00",1,2
"284","1.00","2.50","8","9","1.00","2.50","1.75","8.50","1.75",1,2
"285","3.50","1.50","4","6","5.50","3.00","2.50","5.00","4.25",1,2
"286","1.00","1.50","5","5","1.00","1.00","1.25","5.00","1.00",1,2
"287","3.50","3.50","9","9","1.00","1.00","3.50","9.00","1.00",1,2
"288","1.00","1.00","9","9","1.00","1.00","1.00","9.00","1.00",1,2
"289","1.50","2.50","8","7","1.00","1.00","2.00","7.50","1.00",1,2
"290","3.00","1.00","9","9","1.00","1.00","2.00","9.00","1.00",1,2
"291","2.50","2.00","8","8","1.00","1.00","2.25","8.00","1.00",1,2
"292","2.00","2.00","4","3","2.00","2.00","2.00","3.50","2.00",1,2
"293","1.00","1.00","9","9","1.00","1.00","1.00","9.00","1.00",1,2
"294","1.00","1.00","9","9","1.00","1.00","1.00","9.00","1.00",1,2
"295","4.00","2.00","7","8","1.00","1.00","3.00","7.50","1.00",1,2
"296","1.00","1.00","9","8","1.00","1.00","1.00","8.50","1.00",1,2
"297","3.00","3.00","7","7","1.00","1.50","3.00","7.00","1.25",1,2
"298","1.00","1.00","6","7","1.00","1.00","1.00","6.50","1.00",1,2
"299","1.00","1.00","9","9","1.00","1.00","1.00","9.00","1.00",1,2
"300","1.50","2.00","6","8","1.00","1.00","1.75","7.00","1.00",1,2
"301","2.50","3.00","6","5","4.00","4.00","2.75","5.50","4.00",1,2
"302","1.00","1.00","6","7","1.00","1.00","1.00","6.50","1.00",1,2
"303","2.00","4.00","7","6","2.00","3.00","3.00","6.50","2.50",1,2
"304","1.50","2.00","7","7","1.00","2.00","1.75","7.00","1.50",1,2
"305","1.00","1.00","9","9","1.00","1.00","1.00","9.00","1.00",1,2
"306","1.00","5.00","3","3","1.00","7.00","3.00","3.00","4.00",1,2
"307","1.00","1.00","7","8","1.00","1.00","1.00","7.50","1.00",1,2
"308","1.00","1.00","8","9","2.00","1.50","1.00","8.50","1.75",1,2
"309","1.00","3.00","9","9","1.00","2.00","2.00","9.00","1.50",1,2
"310","1.50","3.00","9","9","1.00","1.00","2.25","9.00","1.00",1,2
"311","1.50","2.00","8","8","2.00","2.00","1.75","8.00","2.00",1,2
"312","1.50","1.50","5","6","1.00","1.00","1.50","5.50","1.00",1,2
"313","1.00","1.00","9","9","1.00","1.00","1.00","9.00","1.00",1,2
"314","1.50","1.50","9","9","1.00","1.00","1.50","9.00","1.00",1,2
"315","1.00","3.50","9","5","1.00","2.00","2.25","7.00","1.50",1,2
"316","2.00","3.00","6","5","3.00","2.50","2.50","5.50","2.75",1,2
"317","3.00","1.00","8","9","1.00","1.00","2.00","8.50","1.00",1,2
"318","1.00","1.00","9","9","1.00","1.00","1.00","9.00","1.00",1,2
"319","8.00","7.00","4","6","4.00","5.00","7.50","5.00","4.50",1,2
"320","1.00","1.00","9","9","1.00","1.00","1.00","9.00","1.00",1,2
"321","2.00","1.00","9","9","1.00","1.00","1.50","9.00","1.00",1,2
"322","2.00","1.50","5","7","1.50","1.00","1.75","6.00","1.25",1,2
"323","4.00","1.50","9","8","1.00","1.00","2.75","8.50","1.00",1,2
"324","2.50","1.00","7","9","1.00","1.00","1.75","8.00","1.00",1,2
"325","2.50","3.00","8","9","1.50","2.00","2.75","8.50","1.75",1,2
"326","1.00","3.00","9","9","1.00","1.00","2.00","9.00","1.00",1,2
"327","1.00","1.00","8","8","1.00","1.00","1.00","8.00","1.00",1,2
"328","2.00","1.50","8","9","1.00","1.00","1.75","8.50","1.00",1,2
"329","1.00","4.00","9","7","2.00","3.50","2.50","8.00","2.75",1,2
"330","1.00","2.00","9","9","1.00","1.50","1.50","9.00","1.25",1,2
"331","1.00","1.50","5","5","1.00","1.00","1.25","5.00","1.00",1,2
"332","2.00","4.00","9","8","1.00","2.00","3.00","8.50","1.50",1,2
"333","1.50","1.00","7","8","1.00","1.00","1.25","7.50","1.00",1,2
"334","1.00","1.00","9","9","1.00","1.00","1.00","9.00","1.00",1,2
"335","1.50","1.00","6","6","1.50","1.50","1.25","6.00","1.50",1,2
"336","1.00","1.00","8","8","1.00","1.00","1.00","8.00","1.00",1,2
"337","3.00","4.50","7","7","1.00","1.00","3.75","7.00","1.00",1,2
"338","2.00","2.50","8","8","2.00","3.00","2.25","8.00","2.50",1,2
"339","1.00","1.00","9","9","1.00","1.00","1.00","9.00","1.00",1,2
"340","1.00","1.00","9","9","1.00","1.00","1.00","9.00","1.00",1,2
"341","1.00","1.00","9","9","1.00","1.00","1.00","9.00","1.00",1,2
"342","1.50","2.00","9","8","1.50","1.50","1.75","8.50","1.50",1,2
"343","1.00","1.00","9","9","1.00","1.00","1.00","9.00","1.00",1,2
"344","1.00","1.00","8","8","1.00","1.00","1.00","8.00","1.00",1,2
"345","1.00","1.50","9","9","1.00","1.00","1.25","9.00","1.00",1,2
"346","1.50","1.50","7","7","1.50","1.50","1.50","7.00","1.50",1,2
"347","3.00","5.00","4","4","1.00","1.00","4.00","4.00","1.00",1,2
"348","1.00","1.00","9","5","1.00","1.00","1.00","7.00","1.00",1,2
"349","1.00","1.00","9","9","1.00","1.00","1.00","9.00","1.00",1,2
"350","1.50","1.50","8","8","1.50","2.00","1.50","8.00","1.75",1,2
"351","1.50","1.50","5","6","1.00","2.00","1.50","5.50","1.50",1,2
"352","2.00","2.00","8","8","1.50","2.00","2.00","8.00","1.75",1,2
"353","1.00","5.00","9","5","1.00","3.00","3.00","7.00","2.00",1,2
"354","1.00","1.00","9","9","1.00","1.00","1.00","9.00","1.00",1,2
"355","2.50","1.00","8","9","1.00","1.00","1.75","8.50","1.00",1,2
"356","1.00","1.00","9","9","1.00","1.00","1.00","9.00","1.00",1,2
"357","2.00","1.50","8","8","1.00","1.00","1.75","8.00","1.00",1,2
"358","5.00","1.00","5","8","3.50","1.50","3.00","6.50","2.50",1,2
"359","1.00","1.00","9","9","1.00","1.00","1.00","9.00","1.00",1,2
"360","1.50","1.50","8","8","1.50","1.50","1.50","8.00","1.50",1,2
"361","1.50","4.50","9","6","1.50","4.50","3.00","7.50","3.00",1,2
"362","1.50","1.00","8","7","1.00","1.00","1.25","7.50","1.00",1,2
"363","1.00","1.00","8","8","1.00","1.00","1.00","8.00","1.00",1,2
"364","1.00","1.00","9","9","1.00","1.00","1.00","9.00","1.00",1,2
"365","1.00","4.00","9","9","1.00","2.00","2.50","9.00","1.50",1,2
"366","6.50","3.50","6","3","3.50","3.00","5.00","4.50","3.25",1,2
"367","1.00","1.00","8","8","1.00","1.00","1.00","8.00","1.00",1,2
"368","1.00","1.00","9","9","1.00","1.00","1.00","9.00","1.00",1,2
"369","1.00","1.00","9","7","1.00","1.00","1.00","8.00","1.00",1,2
"370","1.00","1.00","8","7","1.00","1.00","1.00","7.50","1.00",1,2
"371","2.00","2.00","9","9","1.00","1.00","2.00","9.00","1.00",1,2
"372","1.00","1.00","9","9","1.00","1.00","1.00","9.00","1.00",1,2
"373","1.00","1.00","9","7","1.00","2.00","1.00","8.00","1.50",1,2
"374","1.00","1.00","9","9","1.00","1.00","1.00","9.00","1.00",1,2
"375","1.00","1.50","9","8","1.00","1.00","1.25","8.50","1.00",1,2
"376","1.50","1.00","9","9","1.00","1.00","1.25","9.00","1.00",1,2
"377","1.00","1.00","9","9","1.00","1.00","1.00","9.00","1.00",1,2
"378","1.00","2.00","9","9","1.50","2.00","1.50","9.00","1.75",1,2
"379","1.00","1.00","9","9","1.00","1.00","1.00","9.00","1.00",1,2
"380","2.50","2.00","3","5","3.00","2.00","2.25","4.00","2.50",1,2
"381","1.50","1.50","6","7","1.00","1.00","1.50","6.50","1.00",1,2
"382","2.00","3.50","6","6","3.00","3.50","2.75","6.00","3.25",1,2
"383","4.50","5.00","6","6","5.50","4.50","4.75","6.00","5.00",1,2
"384","3.50","2.50","5","6","3.00","1.50","3.00","5.50","2.25",1,2
"385","1.00","1.00","9","9","1.00","1.00","1.00","9.00","1.00",1,2
"386","3.50","4.50","7","5","4.00","3.00","4.00","6.00","3.50",1,2
"387","1.00","3.50","9","8","1.00","1.00","2.25","8.50","1.00",1,2
"388","1.00","3.00","9","9","1.00","1.00","2.00","9.00","1.00",1,2
"389","2.50","2.00","9","9","2.00","2.50","2.25","9.00","2.25",1,2
"390","1.00","1.00","9","9","1.00","1.00","1.00","9.00","1.00",1,2
"391","1.50","2.00","9","9","1.50","1.50","1.75","9.00","1.50",1,2
"392","1.00","1.00","9","8","1.00","1.00","1.00","8.50","1.00",1,2
"393","1.00","1.00","5","5","1.00","1.00","1.00","5.00","1.00",1,2
"394","1.00","1.00","3","3","1.00","1.00","1.00","3.00","1.00",1,2
"395","1.00","1.00","9","9","1.00","1.00","1.00","9.00","1.00",1,2
"396","2.50","2.00","8","8","2.00","2.00","2.25","8.00","2.00",1,2
"397","1.00","1.00","7","9","1.00","1.00","1.00","8.00","1.00",1,2
"398","1.00","1.00","5","5","1.00","1.00","1.00","5.00","1.00",1,2
"399","1.50","1.00","5","5","3.00","1.50","1.25","5.00","2.25",1,2
"400","1.00","1.00","9","9","1.00","1.00","1.00","9.00","1.00",1,2
"401","1.00","1.00","5","5","1.00","1.00","1.00","5.00","1.00",1,2
"402","2.50","2.50","9","8","2.00","3.00","2.50","8.50","2.50",1,2
"403","4.00","3.00","6","6","2.50","2.50","3.50","6.00","2.50",1,2
"404","1.00","2.00","6","7","1.00","1.00","1.50","6.50","1.00",1,2
"405","1.50","1.00","9","9","1.00","1.00","1.25","9.00","1.00",1,2
"406","3.50","2.50","7","8","3.00","3.00","3.00","7.50","3.00",1,2
"407","1.50","1.00","9","7","1.00","2.00","1.25","8.00","1.50",1,2
"408","1.00","1.00","5","5","1.00","1.00","1.00","5.00","1.00",1,2
"409","3.50","5.00","7","6","3.00","3.00","4.25","6.50","3.00",1,2
"410","1.00","1.00","9","9","2.00","2.00","1.00","9.00","2.00",1,2
"411","3.00","3.00","9","9","1.00","1.00","3.00","9.00","1.00",1,2
"412","1.00","#NULL!","6","#NULL!","1.00","#NULL!","#NULL!","#NULL!","#NULL!",1,2
"413","1.00","#NULL!","9","#NULL!","2.00","#NULL!","#NULL!","#NULL!","#NULL!",1,2
"414","1.00","#NULL!","9","#NULL!","1.00","#NULL!","#NULL!","#NULL!","#NULL!",1,2
"415","5.00","#NULL!","7","#NULL!","4.00","#NULL!","#NULL!","#NULL!","#NULL!",1,2
"416","8.00","#NULL!","9","#NULL!","6.00","#NULL!","#NULL!","#NULL!","#NULL!",1,2
"417","4.00","#NULL!","8","#NULL!","2.00","#NULL!","#NULL!","#NULL!","#NULL!",1,2
"418","8.00","#NULL!","6","#NULL!","5.50","#NULL!","#NULL!","#NULL!","#NULL!",1,2
"419","3.00","#NULL!","6","#NULL!","2.50","#NULL!","#NULL!","#NULL!","#NULL!",1,2
"420","6.00","#NULL!","9","#NULL!","1.00","#NULL!","#NULL!","#NULL!","#NULL!",1,2
"421","1.50","#NULL!","9","#NULL!","2.50","#NULL!","#NULL!","#NULL!","#NULL!",1,2
"422","6.00","#NULL!","6","#NULL!","5.00","#NULL!","#NULL!","#NULL!","#NULL!",1,2
"423","1.50","#NULL!","9","#NULL!","1.00","#NULL!","#NULL!","#NULL!","#NULL!",1,2
"424","1.50","#NULL!","8","#NULL!","1.00","#NULL!","#NULL!","#NULL!","#NULL!",1,2
"425","1.00","#NULL!","5","#NULL!","3.50","#NULL!","#NULL!","#NULL!","#NULL!",1,2
"426","5.00","#NULL!","8","#NULL!","7.00","#NULL!","#NULL!","#NULL!","#NULL!",1,2
"427","1.00","#NULL!","8","#NULL!","1.00","#NULL!","#NULL!","#NULL!","#NULL!",1,2
"428","5.00","#NULL!","6","#NULL!","5.00","#NULL!","#NULL!","#NULL!","#NULL!",1,2
"429","1.00","#NULL!","9","#NULL!","1.00","#NULL!","#NULL!","#NULL!","#NULL!",1,2
"430","6.50","#NULL!","6","#NULL!","5.50","#NULL!","#NULL!","#NULL!","#NULL!",1,2
"431","1.00","#NULL!","1","#NULL!","1.00","#NULL!","#NULL!","#NULL!","#NULL!",1,2
"432","5.50","#NULL!","6","#NULL!","5.00","#NULL!","#NULL!","#NULL!","#NULL!",1,2
"433","2.50","#NULL!","7","#NULL!","1.00","#NULL!","#NULL!","#NULL!","#NULL!",1,2
"434","2.00","#NULL!","5","#NULL!","5.50","#NULL!","#NULL!","#NULL!","#NULL!",1,2
"435","#NULL!","1.00","#NULL!","7","#NULL!","1.00","#NULL!","#NULL!","#NULL!",1,2
"436","#NULL!","1.00","#NULL!","9","#NULL!","1.00","#NULL!","#NULL!","#NULL!",1,2
"437","#NULL!","2.50","#NULL!","9","#NULL!","2.00","#NULL!","#NULL!","#NULL!",1,2
"438","#NULL!","2.00","#NULL!","5","#NULL!","3.50","#NULL!","#NULL!","#NULL!",1,2
"439","#NULL!","1.50","#NULL!","4","#NULL!","2.00","#NULL!","#NULL!","#NULL!",1,2
"440","#NULL!","1.00","#NULL!","9","#NULL!","1.00","#NULL!","#NULL!","#NULL!",1,2
"441","#NULL!","1.00","#NULL!","9","#NULL!","1.00","#NULL!","#NULL!","#NULL!",1,2
"442","#NULL!","1.00","#NULL!","9","#NULL!","1.00","#NULL!","#NULL!","#NULL!",1,2
"443","#NULL!","3.00","#NULL!","7","#NULL!","2.00","#NULL!","#NULL!","#NULL!",1,2
"444","#NULL!","9.00","#NULL!","8","#NULL!","1.50","#NULL!","#NULL!","#NULL!",1,2
"445","#NULL!","2.00","#NULL!","9","#NULL!","1.50","#NULL!","#NULL!","#NULL!",1,2
"446","#NULL!","3.00","#NULL!","4","#NULL!","1.50","#NULL!","#NULL!","#NULL!",1,2
"447","#NULL!","1.00","#NULL!","9","#NULL!","1.00","#NULL!","#NULL!","#NULL!",1,2
"448","#NULL!","1.00","#NULL!","9","#NULL!","1.00","#NULL!","#NULL!","#NULL!",1,2
"449","#NULL!","6.50","#NULL!","7","#NULL!","7.00","#NULL!","#NULL!","#NULL!",1,2
"450","#NULL!","2.00","#NULL!","7","#NULL!","1.00","#NULL!","#NULL!","#NULL!",1,2
"451","#NULL!","1.00","#NULL!","9","#NULL!","1.00","#NULL!","#NULL!","#NULL!",1,2
"452","#NULL!","1.00","#NULL!","9","#NULL!","1.00","#NULL!","#NULL!","#NULL!",1,2
"453","#NULL!","9.00","#NULL!","8","#NULL!","5.00","#NULL!","#NULL!","#NULL!",1,2
"454","#NULL!","1.00","#NULL!","9","#NULL!","1.00","#NULL!","#NULL!","#NULL!",1,2
"455","#NULL!","3.50","#NULL!","3","#NULL!","3.00","#NULL!","#NULL!","#NULL!",1,2
"456","#NULL!","1.00","#NULL!","5","#NULL!","1.00","#NULL!","#NULL!","#NULL!",1,2
"457","#NULL!","4.00","#NULL!","7","#NULL!","2.00","#NULL!","#NULL!","#NULL!",1,2
"458","#NULL!","3.50","#NULL!","3","#NULL!","3.00","#NULL!","#NULL!","#NULL!",1,2
"459","#NULL!","1.00","#NULL!","9","#NULL!","1.00","#NULL!","#NULL!","#NULL!",1,2
"460","#NULL!","5.00","#NULL!","5","#NULL!","4.00","#NULL!","#NULL!","#NULL!",1,2
"461","#NULL!","1.00","#NULL!","9","#NULL!","1.00","#NULL!","#NULL!","#NULL!",1,2
"462","#NULL!","3.00","#NULL!","8","#NULL!","1.50","#NULL!","#NULL!","#NULL!",1,2
"463","#NULL!","#NULL!","#NULL!","#NULL!","#NULL!","#NULL!","#NULL!","#NULL!","#NULL!",1,2
"464","#NULL!","#NULL!","#NULL!","#NULL!","#NULL!","#NULL!","#NULL!","#NULL!","#NULL!",1,2
"465","#NULL!","#NULL!","#NULL!","#NULL!","#NULL!","#NULL!","#NULL!","#NULL!","#NULL!",1,2
"466","#NULL!","#NULL!","#NULL!","#NULL!","#NULL!","#NULL!","#NULL!","#NULL!","#NULL!",1,2
"467","#NULL!","#NULL!","#NULL!","#NULL!","#NULL!","#NULL!","#NULL!","#NULL!","#NULL!",1,2
"468","#NULL!","#NULL!","#NULL!","#NULL!","#NULL!","#NULL!","#NULL!","#NULL!","#NULL!",1,2
"469","#NULL!","#NULL!","#NULL!","#NULL!","#NULL!","#NULL!","#NULL!","#NULL!","#NULL!",1,2
"470","#NULL!","#NULL!","#NULL!","#NULL!","#NULL!","#NULL!","#NULL!","#NULL!","#NULL!",1,2
"471","#NULL!","#NULL!","#NULL!","#NULL!","#NULL!","#NULL!","#NULL!","#NULL!","#NULL!",1,2
"472","#NULL!","#NULL!","#NULL!","#NULL!","#NULL!","#NULL!","#NULL!","#NULL!","#NULL!",1,2
"473","#NULL!","#NULL!","#NULL!","#NULL!","#NULL!","#NULL!","#NULL!","#NULL!","#NULL!",1,2
"474","#NULL!","#NULL!","#NULL!","#NULL!","#NULL!","#NULL!","#NULL!","#NULL!","#NULL!",1,2
"475","#NULL!","#NULL!","#NULL!","#NULL!","#NULL!","#NULL!","#NULL!","#NULL!","#NULL!",1,2
"476","#NULL!","#NULL!","#NULL!","#NULL!","#NULL!","#NULL!","#NULL!","#NULL!","#NULL!",1,2
"477","#NULL!","#NULL!","#NULL!","#NULL!","#NULL!","#NULL!","#NULL!","#NULL!","#NULL!",1,2
"478","#NULL!","#NULL!","#NULL!","#NULL!","#NULL!","#NULL!","#NULL!","#NULL!","#NULL!",1,2
"479","#NULL!","#NULL!","#NULL!","#NULL!","#NULL!","#NULL!","#NULL!","#NULL!","#NULL!",1,2
"480","#NULL!","#NULL!","#NULL!","#NULL!","#NULL!","#NULL!","#NULL!","#NULL!","#NULL!",1,2
"481","#NULL!","#NULL!","#NULL!","#NULL!","#NULL!","#NULL!","#NULL!","#NULL!","#NULL!",1,2
"482","#NULL!","#NULL!","#NULL!","#NULL!","#NULL!","#NULL!","#NULL!","#NULL!","#NULL!",1,2
"483","#NULL!","#NULL!","#NULL!","#NULL!","#NULL!","#NULL!","#NULL!","#NULL!","#NULL!",1,2
"484","#NULL!","#NULL!","#NULL!","#NULL!","#NULL!","#NULL!","#NULL!","#NULL!","#NULL!",1,2
"485","#NULL!","#NULL!","#NULL!","#NULL!","#NULL!","#NULL!","#NULL!","#NULL!","#NULL!",1,2
"486","#NULL!","#NULL!","#NULL!","#NULL!","#NULL!","#NULL!","#NULL!","#NULL!","#NULL!",1,2
"487","#NULL!","#NULL!","#NULL!","#NULL!","#NULL!","#NULL!","#NULL!","#NULL!","#NULL!",1,2
"488","#NULL!","#NULL!","#NULL!","#NULL!","#NULL!","#NULL!","#NULL!","#NULL!","#NULL!",1,2
"489","#NULL!","#NULL!","#NULL!","#NULL!","#NULL!","#NULL!","#NULL!","#NULL!","#NULL!",1,2
"490","#NULL!","#NULL!","#NULL!","#NULL!","#NULL!","#NULL!","#NULL!","#NULL!","#NULL!",1,2
"491","#NULL!","#NULL!","#NULL!","#NULL!","#NULL!","#NULL!","#NULL!","#NULL!","#NULL!",1,2
"492","#NULL!","#NULL!","#NULL!","#NULL!","#NULL!","#NULL!","#NULL!","#NULL!","#NULL!",1,2
"493","#NULL!","#NULL!","#NULL!","#NULL!","#NULL!","#NULL!","#NULL!","#NULL!","#NULL!",1,2
"494","#NULL!","#NULL!","#NULL!","#NULL!","#NULL!","#NULL!","#NULL!","#NULL!","#NULL!",1,2
"495","#NULL!","#NULL!","#NULL!","#NULL!","#NULL!","#NULL!","#NULL!","#NULL!","#NULL!",1,2
"496","#NULL!","#NULL!","#NULL!","#NULL!","#NULL!","#NULL!","#NULL!","#NULL!","#NULL!",1,2
"497","#NULL!","#NULL!","#NULL!","#NULL!","#NULL!","#NULL!","#NULL!","#NULL!","#NULL!",1,2
"498","#NULL!","#NULL!","#NULL!","#NULL!","#NULL!","#NULL!","#NULL!","#NULL!","#NULL!",1,2
"499","#NULL!","#NULL!","#NULL!","#NULL!","#NULL!","#NULL!","#NULL!","#NULL!","#NULL!",1,2
"500","#NULL!","#NULL!","#NULL!","#NULL!","#NULL!","#NULL!","#NULL!","#NULL!","#NULL!",1,2
"501","1.00","1.00","8","9","1.00","1.00","1.00","8.50","1.00",2,1
"502","3.00","2.00","5","6","2.00","2.00","2.50","5.50","2.00",2,1
"503","3.50","3.50","8","8","2.00","2.00","3.50","8.00","2.00",2,1
"504","2.50","2.50","9","9","1.00","1.00","2.50","9.00","1.00",2,1
"505","6.00","6.00","8","5","7.00","6.00","6.00","6.50","6.50",2,1
"506","1.00","1.00","9","9","1.00","1.00","1.00","9.00","1.00",2,1
"507","1.00","1.00","9","9","1.00","1.00","1.00","9.00","1.00",2,1
"508","8.00","8.50","8","8","6.00","7.00","8.25","8.00","6.50",2,1
"509","2.00","1.50","8","9","1.50","1.50","1.75","8.50","1.50",2,1
"510","1.50","1.00","9","9","1.00","1.00","1.25","9.00","1.00",2,1
"511","1.00","1.00","8","8","2.00","1.50","1.00","8.00","1.75",2,1
"512","5.00","5.50","7","7","1.00","1.00","5.25","7.00","1.00",2,1
"513","3.00","2.00","5","5","2.50","3.00","2.50","5.00","2.75",2,1
"514","4.00","2.00","9","9","1.50","2.00","3.00","9.00","1.75",2,1
"515","1.00","1.00","8","9","1.00","1.00","1.00","8.50","1.00",2,1
"516","2.50","2.00","7","7","1.50","1.50","2.25","7.00","1.50",2,1
"517","1.00","3.00","8","5","1.00","4.00","2.00","6.50","2.50",2,1
"518","3.00","1.00","7","7","4.50","3.00","2.00","7.00","3.75",2,1
"519","1.00","1.00","8","9","1.00","1.00","1.00","8.50","1.00",2,1
"520","1.50","1.00","9","9","1.00","1.00","1.25","9.00","1.00",2,1
"521","4.00","3.00","9","9","1.00","1.00","3.50","9.00","1.00",2,1
"522","1.00","1.00","9","9","1.00","1.00","1.00","9.00","1.00",2,1
"523","8.50","8.00","8","5","8.00","5.00","8.25","6.50","6.50",2,1
"524","4.00","4.00","9","9","3.00","4.00","4.00","9.00","3.50",2,1
"525","1.50","2.50","8","8","1.00","1.00","2.00","8.00","1.00",2,1
"526","1.00","1.00","8","8","1.00","1.00","1.00","8.00","1.00",2,1
"527","1.00","1.50","8","8","1.00","1.00","1.25","8.00","1.00",2,1
"528","1.50","1.00","9","9","1.00","1.00","1.25","9.00","1.00",2,1
"529","1.50","1.00","9","9","1.00","1.00","1.25","9.00","1.00",2,1
"530","2.00","2.00","7","7","5.00","5.00","2.00","7.00","5.00",2,1
"531","1.00","1.00","9","9","1.00","1.00","1.00","9.00","1.00",2,1
"532","5.50","5.00","5","5","7.00","7.00","5.25","5.00","7.00",2,1
"533","3.00","3.50","8","8","2.00","2.50","3.25","8.00","2.25",2,1
"534","1.00","2.00","9","5","1.00","1.00","1.50","7.00","1.00",2,1
"535","1.00","2.00","5","5","1.50","2.00","1.50","5.00","1.75",2,1
"536","1.00","1.00","9","9","1.00","1.00","1.00","9.00","1.00",2,1
"537","5.50","3.00","5","5","3.00","3.00","4.25","5.00","3.00",2,1
"538","1.00","1.00","5","5","1.00","1.00","1.00","5.00","1.00",2,1
"539","1.00","1.00","9","9","1.00","1.00","1.00","9.00","1.00",2,1
"540","1.00","3.50","9","7","1.00","3.00","2.25","8.00","2.00",2,1
"541","1.00","2.00","9","8","1.50","2.00","1.50","8.50","1.75",2,1
"542","3.00","7.00","1","1","1.00","3.00","5.00","1.00","2.00",2,1
"543","5.00","4.00","8","6","2.50","5.00","4.50","7.00","3.75",2,1
"544","1.00","1.00","9","9","1.00","1.00","1.00","9.00","1.00",2,1
"545","1.00","1.00","9","7","1.00","1.00","1.00","8.00","1.00",2,1
"546","1.00","1.00","9","9","1.00","1.00","1.00","9.00","1.00",2,1
"547","2.00","1.50","8","9","2.00","2.00","1.75","8.50","2.00",2,1
"548","6.00","5.00","9","9","1.00","1.00","5.50","9.00","1.00",2,1
"549","2.00","1.00","5","9","2.50","1.50","1.50","7.00","2.00",2,1
"550","5.50","5.00","7","7","4.50","4.00","5.25","7.00","4.25",2,1
"551","3.00","1.00","9","9","1.00","1.00","2.00","9.00","1.00",2,1
"552","1.00","1.00","9","9","1.00","1.00","1.00","9.00","1.00",2,1
"553","1.00","1.00","8","8","5.50","7.00","1.00","8.00","6.25",2,1
"554","5.50","4.00","4","5","5.00","5.00","4.75","4.50","5.00",2,1
"555","5.50","5.00","5","5","1.00","2.00","5.25","5.00","1.50",2,1
"556","2.50","4.00","8","7","3.00","4.00","3.25","7.50","3.50",2,1
"557","1.50","2.00","6","6","2.50","2.50","1.75","6.00","2.50",2,1
"558","1.50","1.00","8","8","1.00","1.00","1.25","8.00","1.00",2,1
"559","1.00","4.00","8","8","3.00","3.50","2.50","8.00","3.25",2,1
"560","3.50","1.00","1","5","1.50","1.00","2.25","3.00","1.25",2,1
"561","4.50","2.50","7","8","3.00","2.00","3.50","7.50","2.50",2,1
"562","1.00","1.00","7","7","1.00","1.00","1.00","7.00","1.00",2,1
"563","8.00","9.00","3","1","6.50","8.50","8.50","2.00","7.50",2,1
"564","7.00","9.00","8","5","5.00","4.50","8.00","6.50","4.75",2,1
"565","5.00","5.00","5","6","3.00","2.50","5.00","5.50","2.75",2,1
"566","1.00","1.00","9","9","1.00","1.00","1.00","9.00","1.00",2,1
"567","9.00","8.00","1","3","6.00","4.50","8.50","2.00","5.25",2,1
"568","2.00","2.00","9","9","2.00","2.00","2.00","9.00","2.00",2,1
"569","2.00","1.00","8","9","1.00","1.00","1.50","8.50","1.00",2,1
"570","1.00","1.00","9","9","1.00","1.00","1.00","9.00","1.00",2,1
"571","1.00","1.00","9","9","1.00","1.00","1.00","9.00","1.00",2,1
"572","2.00","5.50","8","7","1.00","1.00","3.75","7.50","1.00",2,1
"573","3.00","3.50","7","8","2.50","3.50","3.25","7.50","3.00",2,1
"574","1.50","1.50","8","8","1.50","1.00","1.50","8.00","1.25",2,1
"575","2.00","2.00","8","9","1.50","1.00","2.00","8.50","1.25",2,1
"576","5.50","5.50","8","7","6.00","6.00","5.50","7.50","6.00",2,1
"577","7.00","8.00","8","8","4.00","5.00","7.50","8.00","4.50",2,1
"578","1.00","4.50","9","9","1.00","1.50","2.75","9.00","1.25",2,1
"579","1.50","1.00","9","9","1.00","1.00","1.25","9.00","1.00",2,1
"580","1.00","1.00","8","8","1.00","1.00","1.00","8.00","1.00",2,1
"581","6.50","4.00","7","9","5.00","3.00","5.25","8.00","4.00",2,1
"582","4.50","3.00","8","9","4.50","2.50","3.75","8.50","3.50",2,1
"583","2.50","2.50","9","9","2.00","1.00","2.50","9.00","1.50",2,1
"584","5.00","5.00","9","9","2.00","2.00","5.00","9.00","2.00",2,1
"585","6.50","6.00","4","4","4.00","5.00","6.25","4.00","4.50",2,1
"586","1.00","2.50","5","5","1.00","1.00","1.75","5.00","1.00",2,1
"587","1.00","1.00","9","9","1.00","1.00","1.00","9.00","1.00",2,1
"588","1.00","1.00","5","5","1.00","1.00","1.00","5.00","1.00",2,1
"589","1.00","1.00","9","9","1.00","1.00","1.00","9.00","1.00",2,1
"590","1.00","1.00","5","5","1.00","1.00","1.00","5.00","1.00",2,1
"591","2.00","1.50","9","9","1.00","1.50","1.75","9.00","1.25",2,1
"592","2.00","2.00","5","5","2.00","1.00","2.00","5.00","1.50",2,1
"593","1.00","1.00","9","9","1.00","1.00","1.00","9.00","1.00",2,1
"594","4.50","3.00","9","9","1.50","1.00","3.75","9.00","1.25",2,1
"595","1.00","1.00","9","9","1.00","1.00","1.00","9.00","1.00",2,1
"596","2.00","2.00","9","8","2.00","2.00","2.00","8.50","2.00",2,1
"597","1.50","1.50","7","9","1.50","2.00","1.50","8.00","1.75",2,1
"598","1.50","1.00","8","8","1.00","1.00","1.25","8.00","1.00",2,1
"599","9.00","9.00","1","1","9.00","9.00","9.00","1.00","9.00",2,1
"600","1.00","1.00","9","9","1.00","1.00","1.00","9.00","1.00",2,1
"601","2.00","1.00","5","5","1.00","1.00","1.50","5.00","1.00",2,1
"602","2.00","2.00","8","8","2.00","2.00","2.00","8.00","2.00",2,1
"603","2.00","1.00","7","7","1.00","1.00","1.50","7.00","1.00",2,1
"604","1.00","5.50","9","8","2.00","4.50","3.25","8.50","3.25",2,1
"605","3.50","3.00","4","5","3.00","3.00","3.25","4.50","3.00",2,1
"606","2.00","1.00","3","4","1.00","1.00","1.50","3.50","1.00",2,1
"607","4.00","6.00","9","8","4.50","5.00","5.00","8.50","4.75",2,1
"608","2.00","2.00","8","8","1.00","1.00","2.00","8.00","1.00",2,1
"609","1.00","4.00","5","3","1.00","1.00","2.50","4.00","1.00",2,1
"610","2.00","2.00","5","5","1.00","1.00","2.00","5.00","1.00",2,1
"611","7.00","8.00","5","4","5.00","7.50","7.50","4.50","6.25",2,1
"612","2.00","1.50","8","8","1.00","1.00","1.75","8.00","1.00",2,1
"613","3.00","6.00","7","5","2.00","5.00","4.50","6.00","3.50",2,1
"614","1.50","1.50","9","9","1.00","1.00","1.50","9.00","1.00",2,1
"615","5.00","4.50","7","8","3.00","1.50","4.75","7.50","2.25",2,1
"616","3.50","3.50","9","8","4.00","3.50","3.50","8.50","3.75",2,1
"617","2.00","2.00","7","5","3.00","3.00","2.00","6.00","3.00",2,1
"618","1.00","1.00","9","9","1.00","1.00","1.00","9.00","1.00",2,1
"619","1.50","2.00","8","9","2.00","2.00","1.75","8.50","2.00",2,1
"620","1.00","1.00","9","9","1.00","1.00","1.00","9.00","1.00",2,1
"621","1.00","1.00","8","8","1.00","1.00","1.00","8.00","1.00",2,1
"622","7.00","6.00","3","5","4.50","3.50","6.50","4.00","4.00",2,1
"623","1.00","1.50","6","7","1.00","1.50","1.25","6.50","1.25",2,1
"624","5.00","4.00","6","6","3.50","3.50","4.50","6.00","3.50",2,1
"625","1.00","1.00","9","9","1.00","1.00","1.00","9.00","1.00",2,1
"626","1.00","1.00","5","7","1.00","1.00","1.00","6.00","1.00",2,1
"627","1.00","8.00","5","5","1.00","3.50","4.50","5.00","2.25",2,1
"628","1.00","1.00","5","9","1.00","1.00","1.00","7.00","1.00",2,1
"629","1.50","4.00","9","9","1.50","1.00","2.75","9.00","1.25",2,1
"630","1.00","1.00","9","9","1.00","1.00","1.00","9.00","1.00",2,1
"631","2.50","2.00","8","8","2.50","2.50","2.25","8.00","2.50",2,1
"632","5.00","5.00","5","8","6.50","5.50","5.00","6.50","6.00",2,1
"633","3.00","1.50","8","6","2.50","1.00","2.25","7.00","1.75",2,1
"634","5.50","4.50","3","3","5.50","4.50","5.00","3.00","5.00",2,1
"635","3.00","2.00","8","8","1.50","1.50","2.50","8.00","1.50",2,1
"636","2.50","3.00","5","4","3.00","4.50","2.75","4.50","3.75",2,1
"637","1.00","1.00","9","9","1.00","1.00","1.00","9.00","1.00",2,1
"638","8.00","4.00","5","5","6.00","1.50","6.00","5.00","3.75",2,1
"639","2.50","2.00","6","7","2.00","1.50","2.25","6.50","1.75",2,1
"640","1.00","1.00","9","9","1.50","1.50","1.00","9.00","1.50",2,1
"641","1.00","1.00","3","2","1.00","1.00","1.00","2.50","1.00",2,1
"642","9.00","9.00","1","1","8.00","6.00","9.00","1.00","7.00",2,1
"643","4.00","6.50","7","7","2.00","3.00","5.25","7.00","2.50",2,1
"644","5.50","5.50","5","5","4.00","3.00","5.50","5.00","3.50",2,1
"645","3.00","1.00","4","2","1.00","1.00","2.00","3.00","1.00",2,1
"646","2.00","4.00","7","3","2.00","2.00","3.00","5.00","2.00",2,1
"647","4.00","5.00","8","6","1.50","1.50","4.50","7.00","1.50",2,1
"648","1.00","1.00","9","9","1.00","1.00","1.00","9.00","1.00",2,1
"649","3.00","1.00","9","9","1.00","1.00","2.00","9.00","1.00",2,1
"650","7.50","4.50","5","9","6.50","6.00","6.00","7.00","6.25",2,1
"651","2.00","2.00","8","8","2.00","2.00","2.00","8.00","2.00",2,1
"652","1.00","1.00","9","9","2.00","1.50","1.00","9.00","1.75",2,1
"653","4.50","5.00","5","6","2.00","2.00","4.75","5.50","2.00",2,1
"654","1.50","2.00","8","8","3.00","2.00","1.75","8.00","2.50",2,1
"655","1.00","1.00","9","9","1.00","1.00","1.00","9.00","1.00",2,1
"656","3.50","3.00","6","6","3.00","2.00","3.25","6.00","2.50",2,1
"657","5.50","4.50","7","7","2.50","3.00","5.00","7.00","2.75",2,1
"658","1.50","1.50","7","8","1.00","1.00","1.50","7.50","1.00",2,1
"659","2.00","4.50","9","8","1.00","1.00","3.25","8.50","1.00",2,1
"660","6.50","6.00","6","6","6.50","8.00","6.25","6.00","7.25",2,1
"661","1.00","1.00","8","8","1.00","1.00","1.00","8.00","1.00",2,1
"662","3.00","3.00","9","9","1.00","1.00","3.00","9.00","1.00",2,1
"663","4.50","2.50","7","5","1.50","1.00","3.50","6.00","1.25",2,1
"664","2.50","5.50","5","3","1.00","3.50","4.00","4.00","2.25",2,1
"665","4.50","3.00","7","8","1.50","1.00","3.75","7.50","1.25",2,1
"666","3.00","2.50","8","8","5.00","4.50","2.75","8.00","4.75",2,1
"667","1.00","1.00","8","7","1.00","1.00","1.00","7.50","1.00",2,1
"668","1.50","7.00","7","7","5.50","5.00","4.25","7.00","5.25",2,1
"669","6.00","7.00","8","8","6.00","4.00","6.50","8.00","5.00",2,1
"670","2.00","1.50","5","5","1.00","1.00","1.75","5.00","1.00",2,1
"671","1.00","1.00","9","9","1.00","1.00","1.00","9.00","1.00",2,1
"672","1.00","1.00","9","9","1.00","1.00","1.00","9.00","1.00",2,1
"673","5.00","7.00","6","2","2.00","2.00","6.00","4.00","2.00",2,1
"674","2.00","5.00","8","8","2.00","2.00","3.50","8.00","2.00",2,1
"675","3.50","4.50","3","4","2.50","1.50","4.00","3.50","2.00",2,1
"676","2.50","2.00","9","7","2.00","2.00","2.25","8.00","2.00",2,1
"677","1.00","1.00","9","4","1.00","1.00","1.00","6.50","1.00",2,1
"678","6.00","#NULL!","5","#NULL!","4.50","#NULL!","#NULL!","#NULL!","#NULL!",2,1
"679","1.00","#NULL!","9","#NULL!","1.00","#NULL!","#NULL!","#NULL!","#NULL!",2,1
"680","3.50","#NULL!","4","#NULL!","2.00","#NULL!","#NULL!","#NULL!","#NULL!",2,1
"681","6.00","#NULL!","5","#NULL!","7.50","#NULL!","#NULL!","#NULL!","#NULL!",2,1
"682","2.50","#NULL!","9","#NULL!","1.00","#NULL!","#NULL!","#NULL!","#NULL!",2,1
"683","6.50","#NULL!","6","#NULL!","6.00","#NULL!","#NULL!","#NULL!","#NULL!",2,1
"684","4.00","#NULL!","7","#NULL!","5.00","#NULL!","#NULL!","#NULL!","#NULL!",2,1
"685","7.50","#NULL!","8","#NULL!","7.00","#NULL!","#NULL!","#NULL!","#NULL!",2,1
"686","1.50","#NULL!","7","#NULL!","2.00","#NULL!","#NULL!","#NULL!","#NULL!",2,1
"687","1.50","#NULL!","7","#NULL!","1.00","#NULL!","#NULL!","#NULL!","#NULL!",2,1
"688","2.00","#NULL!","8","#NULL!","1.00","#NULL!","#NULL!","#NULL!","#NULL!",2,1
"689","4.00","#NULL!","7","#NULL!","2.50","#NULL!","#NULL!","#NULL!","#NULL!",2,1
"690","4.50","#NULL!","8","#NULL!","3.00","#NULL!","#NULL!","#NULL!","#NULL!",2,1
"691","1.00","#NULL!","9","#NULL!","1.00","#NULL!","#NULL!","#NULL!","#NULL!",2,1
"692","9.00","#NULL!","5","#NULL!","8.00","#NULL!","#NULL!","#NULL!","#NULL!",2,1
"693","1.00","#NULL!","9","#NULL!","1.00","#NULL!","#NULL!","#NULL!","#NULL!",2,1
"694","1.00","#NULL!","8","#NULL!","2.00","#NULL!","#NULL!","#NULL!","#NULL!",2,1
"695","1.00","#NULL!","9","#NULL!","1.00","#NULL!","#NULL!","#NULL!","#NULL!",2,1
"696","1.00","#NULL!","9","#NULL!","1.00","#NULL!","#NULL!","#NULL!","#NULL!",2,1
"697","4.50","#NULL!","6","#NULL!","4.00","#NULL!","#NULL!","#NULL!","#NULL!",2,1
"698","#NULL!","7.00","#NULL!","6","#NULL!","6.00","#NULL!","#NULL!","#NULL!",2,1
"699","#NULL!","1.00","#NULL!","9","#NULL!","1.00","#NULL!","#NULL!","#NULL!",2,1
"700","#NULL!","3.00","#NULL!","3","#NULL!","1.00","#NULL!","#NULL!","#NULL!",2,1
"701","#NULL!","2.50","#NULL!","5","#NULL!","2.00","#NULL!","#NULL!","#NULL!",2,1
"702","#NULL!","5.50","#NULL!","1","#NULL!","6.50","#NULL!","#NULL!","#NULL!",2,1
"703","#NULL!","8.00","#NULL!","2","#NULL!","5.50","#NULL!","#NULL!","#NULL!",2,1
"704","#NULL!","5.50","#NULL!","5","#NULL!","4.00","#NULL!","#NULL!","#NULL!",2,1
"705","#NULL!","4.50","#NULL!","1","#NULL!","1.00","#NULL!","#NULL!","#NULL!",2,1
"706","#NULL!","5.00","#NULL!","6","#NULL!","2.50","#NULL!","#NULL!","#NULL!",2,1
"707","#NULL!","1.00","#NULL!","9","#NULL!","1.00","#NULL!","#NULL!","#NULL!",2,1
"708","#NULL!","3.50","#NULL!","5","#NULL!","4.00","#NULL!","#NULL!","#NULL!",2,1
"709","#NULL!","4.50","#NULL!","5","#NULL!","3.50","#NULL!","#NULL!","#NULL!",2,1
"710","#NULL!","1.00","#NULL!","9","#NULL!","1.00","#NULL!","#NULL!","#NULL!",2,1
"711","#NULL!","1.00","#NULL!","5","#NULL!","1.00","#NULL!","#NULL!","#NULL!",2,1
"712","#NULL!","1.00","#NULL!","9","#NULL!","1.00","#NULL!","#NULL!","#NULL!",2,1
"713","#NULL!","2.00","#NULL!","6","#NULL!","1.00","#NULL!","#NULL!","#NULL!",2,1
"714","#NULL!","6.50","#NULL!","7","#NULL!","4.50","#NULL!","#NULL!","#NULL!",2,1
"715","#NULL!","3.00","#NULL!","7","#NULL!","2.00","#NULL!","#NULL!","#NULL!",2,1
"716","#NULL!","2.50","#NULL!","8","#NULL!","2.00","#NULL!","#NULL!","#NULL!",2,1
"717","#NULL!","5.50","#NULL!","8","#NULL!","4.00","#NULL!","#NULL!","#NULL!",2,1
"718","#NULL!","3.50","#NULL!","5","#NULL!","3.00","#NULL!","#NULL!","#NULL!",2,1
"719","#NULL!","2.50","#NULL!","6","#NULL!","2.00","#NULL!","#NULL!","#NULL!",2,1
"720","#NULL!","#NULL!","#NULL!","#NULL!","#NULL!","#NULL!","#NULL!","#NULL!","#NULL!",2,1
"721","#NULL!","#NULL!","#NULL!","#NULL!","#NULL!","#NULL!","#NULL!","#NULL!","#NULL!",2,1
"722","#NULL!","#NULL!","#NULL!","#NULL!","#NULL!","#NULL!","#NULL!","#NULL!","#NULL!",2,1
"723","#NULL!","#NULL!","#NULL!","#NULL!","#NULL!","#NULL!","#NULL!","#NULL!","#NULL!",2,1
"724","#NULL!","#NULL!","#NULL!","#NULL!","#NULL!","#NULL!","#NULL!","#NULL!","#NULL!",2,1
"725","#NULL!","#NULL!","#NULL!","#NULL!","#NULL!","#NULL!","#NULL!","#NULL!","#NULL!",2,1
"726","#NULL!","#NULL!","#NULL!","#NULL!","#NULL!","#NULL!","#NULL!","#NULL!","#NULL!",2,1
"727","#NULL!","#NULL!","#NULL!","#NULL!","#NULL!","#NULL!","#NULL!","#NULL!","#NULL!",2,1
"728","#NULL!","#NULL!","#NULL!","#NULL!","#NULL!","#NULL!","#NULL!","#NULL!","#NULL!",2,1
"729","#NULL!","#NULL!","#NULL!","#NULL!","#NULL!","#NULL!","#NULL!","#NULL!","#NULL!",2,1
"730","#NULL!","#NULL!","#NULL!","#NULL!","#NULL!","#NULL!","#NULL!","#NULL!","#NULL!",2,1
"731","#NULL!","#NULL!","#NULL!","#NULL!","#NULL!","#NULL!","#NULL!","#NULL!","#NULL!",2,1
"732","#NULL!","#NULL!","#NULL!","#NULL!","#NULL!","#NULL!","#NULL!","#NULL!","#NULL!",2,1
"733","#NULL!","#NULL!","#NULL!","#NULL!","#NULL!","#NULL!","#NULL!","#NULL!","#NULL!",2,1
"734","#NULL!","#NULL!","#NULL!","#NULL!","#NULL!","#NULL!","#NULL!","#NULL!","#NULL!",2,1
"735","#NULL!","#NULL!","#NULL!","#NULL!","#NULL!","#NULL!","#NULL!","#NULL!","#NULL!",2,1
"736","#NULL!","#NULL!","#NULL!","#NULL!","#NULL!","#NULL!","#NULL!","#NULL!","#NULL!",2,1
"737","#NULL!","#NULL!","#NULL!","#NULL!","#NULL!","#NULL!","#NULL!","#NULL!","#NULL!",2,1
"738","#NULL!","#NULL!","#NULL!","#NULL!","#NULL!","#NULL!","#NULL!","#NULL!","#NULL!",2,1
"739","#NULL!","#NULL!","#NULL!","#NULL!","#NULL!","#NULL!","#NULL!","#NULL!","#NULL!",2,1
"740","#NULL!","#NULL!","#NULL!","#NULL!","#NULL!","#NULL!","#NULL!","#NULL!","#NULL!",2,1
"741","#NULL!","#NULL!","#NULL!","#NULL!","#NULL!","#NULL!","#NULL!","#NULL!","#NULL!",2,1
"742","#NULL!","#NULL!","#NULL!","#NULL!","#NULL!","#NULL!","#NULL!","#NULL!","#NULL!",2,1
"743","#NULL!","#NULL!","#NULL!","#NULL!","#NULL!","#NULL!","#NULL!","#NULL!","#NULL!",2,1
"744","#NULL!","#NULL!","#NULL!","#NULL!","#NULL!","#NULL!","#NULL!","#NULL!","#NULL!",2,1
"745","#NULL!","#NULL!","#NULL!","#NULL!","#NULL!","#NULL!","#NULL!","#NULL!","#NULL!",2,1
"746","#NULL!","#NULL!","#NULL!","#NULL!","#NULL!","#NULL!","#NULL!","#NULL!","#NULL!",2,1
"747","#NULL!","#NULL!","#NULL!","#NULL!","#NULL!","#NULL!","#NULL!","#NULL!","#NULL!",2,1
"748","#NULL!","#NULL!","#NULL!","#NULL!","#NULL!","#NULL!","#NULL!","#NULL!","#NULL!",2,1
"749","#NULL!","#NULL!","#NULL!","#NULL!","#NULL!","#NULL!","#NULL!","#NULL!","#NULL!",2,1
"750","#NULL!","#NULL!","#NULL!","#NULL!","#NULL!","#NULL!","#NULL!","#NULL!","#NULL!",2,1
"751","#NULL!","#NULL!","#NULL!","#NULL!","#NULL!","#NULL!","#NULL!","#NULL!","#NULL!",2,1
"752","#NULL!","#NULL!","#NULL!","#NULL!","#NULL!","#NULL!","#NULL!","#NULL!","#NULL!",2,1
"753","#NULL!","#NULL!","#NULL!","#NULL!","#NULL!","#NULL!","#NULL!","#NULL!","#NULL!",2,1
"754","#NULL!","#NULL!","#NULL!","#NULL!","#NULL!","#NULL!","#NULL!","#NULL!","#NULL!",2,1
"755","#NULL!","#NULL!","#NULL!","#NULL!","#NULL!","#NULL!","#NULL!","#NULL!","#NULL!",2,1
"756","5.00","5.00","4","8","2.50","2.50","5.00","6.00","2.50",2,2
"757","4.00","4.00","6","3","1.50","1.50","4.00","4.50","1.50",2,2
"758","1.00","1.00","7","8","1.00","1.00","1.00","7.50","1.00",2,2
"759","4.00","2.00","6","4","4.00","3.50","3.00","5.00","3.75",2,2
"760","1.00","1.00","8","8","1.00","1.00","1.00","8.00","1.00",2,2
"761","1.00","1.00","9","9","1.00","1.00","1.00","9.00","1.00",2,2
"762","1.00","1.00","9","9","1.00","1.00","1.00","9.00","1.00",2,2
"763","2.00","2.00","5","5","2.00","2.00","2.00","5.00","2.00",2,2
"764","2.00","3.00","7","7","2.50","3.00","2.50","7.00","2.75",2,2
"765","1.50","1.50","6","7","1.00","1.00","1.50","6.50","1.00",2,2
"766","2.00","1.00","6","9","1.50","1.50","1.50","7.50","1.50",2,2
"767","2.00","1.00","8","9","2.50","1.00","1.50","8.50","1.75",2,2
"768","1.00","1.00","9","8","1.00","2.00","1.00","8.50","1.50",2,2
"769","3.00","3.00","9","9","1.00","1.00","3.00","9.00","1.00",2,2
"770","7.50","8.50","9","8","4.50","4.00","8.00","8.50","4.25",2,2
"771","2.50","2.00","6","6","3.00","2.00","2.25","6.00","2.50",2,2
"772","1.00","1.00","9","9","1.00","1.00","1.00","9.00","1.00",2,2
"773","2.00","6.50","8","7","1.50","2.00","4.25","7.50","1.75",2,2
"774","3.00","4.50","3","2","2.50","2.00","3.75","2.50","2.25",2,2
"775","2.00","1.50","9","9","2.00","2.00","1.75","9.00","2.00",2,2
"776","1.00","1.50","8","8","1.00","1.00","1.25","8.00","1.00",2,2
"777","1.00","1.00","9","9","1.00","1.00","1.00","9.00","1.00",2,2
"778","2.00","2.00","8","6","1.50","2.00","2.00","7.00","1.75",2,2
"779","1.50","1.50","8","8","1.00","1.00","1.50","8.00","1.00",2,2
"780","1.00","1.00","8","8","1.00","1.00","1.00","8.00","1.00",2,2
"781","1.00","1.00","5","6","1.00","1.00","1.00","5.50","1.00",2,2
"782","1.00","1.00","9","9","2.00","2.00","1.00","9.00","2.00",2,2
"783","1.00","1.50","9","9","1.00","1.50","1.25","9.00","1.25",2,2
"784","1.50","1.00","5","9","2.00","1.00","1.25","7.00","1.50",2,2
"785","1.00","1.00","6","6","1.00","1.00","1.00","6.00","1.00",2,2
"786","1.00","1.00","9","9","1.00","1.00","1.00","9.00","1.00",2,2
"787","2.00","1.00","5","8","2.00","1.00","1.50","6.50","1.50",2,2
"788","1.00","1.00","9","9","1.00","1.00","1.00","9.00","1.00",2,2
"789","4.50","5.50","9","9","1.00","4.50","5.00","9.00","2.75",2,2
"790","1.00","1.00","7","7","3.00","3.00","1.00","7.00","3.00",2,2
"791","1.00","1.00","9","9","1.00","1.00","1.00","9.00","1.00",2,2
"792","3.50","3.00","5","6","1.00","1.00","3.25","5.50","1.00",2,2
"793","2.00","2.00","8","8","2.00","2.50","2.00","8.00","2.25",2,2
"794","2.50","2.50","5","5","2.50","2.50","2.50","5.00","2.50",2,2
"795","1.00","1.00","9","9","1.00","1.00","1.00","9.00","1.00",2,2
"796","6.00","1.50","5","6","4.00","1.50","3.75","5.50","2.75",2,2
"797","1.00","1.00","8","8","1.00","1.00","1.00","8.00","1.00",2,2
"798","1.00","1.00","7","7","1.00","1.00","1.00","7.00","1.00",2,2
"799","1.00","1.00","9","9","1.00","1.00","1.00","9.00","1.00",2,2
"800","3.50","4.50","6","7","4.00","6.50","4.00","6.50","5.25",2,2
"801","1.50","3.00","6","5","1.00","1.00","2.25","5.50","1.00",2,2
"802","6.00","5.50","6","8","7.00","3.00","5.75","7.00","5.00",2,2
"803","1.00","1.00","3","3","3.50","2.00","1.00","3.00","2.75",2,2
"804","5.50","5.00","7","7","2.50","2.00","5.25","7.00","2.25",2,2
"805","7.50","3.50","5","9","4.00","3.50","5.50","7.00","3.75",2,2
"806","2.50","2.50","8","8","2.00","2.00","2.50","8.00","2.00",2,2
"807","3.00","3.00","7","7","4.50","2.50","3.00","7.00","3.50",2,2
"808","1.00","3.50","9","5","1.00","2.00","2.25","7.00","1.50",2,2
"809","1.00","1.00","9","9","1.00","1.00","1.00","9.00","1.00",2,2
"810","2.00","2.00","7","7","2.00","2.00","2.00","7.00","2.00",2,2
"811","2.00","1.50","7","8","2.00","2.00","1.75","7.50","2.00",2,2
"812","4.00","4.00","3","3","1.50","2.00","4.00","3.00","1.75",2,2
"813","2.00","4.00","5","4","1.50","4.00","3.00","4.50","2.75",2,2
"814","6.00","2.50","4","6","5.00","4.00","4.25","5.00","4.50",2,2
"815","1.00","1.00","9","9","1.00","1.00","1.00","9.00","1.00",2,2
"816","4.00","4.50","6","6","3.00","3.00","4.25","6.00","3.00",2,2
"817","1.00","1.00","4","4","1.00","1.00","1.00","4.00","1.00",2,2
"818","1.00","1.00","5","5","1.00","1.00","1.00","5.00","1.00",2,2
"819","2.00","1.00","3","3","1.50","1.00","1.50","3.00","1.25",2,2
"820","6.00","3.00","5","6","4.00","5.00","4.50","5.50","4.50",2,2
"821","6.00","6.00","7","7","4.00","3.50","6.00","7.00","3.75",2,2
"822","2.00","1.50","8","9","1.00","1.00","1.75","8.50","1.00",2,2
"823","4.00","3.00","8","8","5.00","5.00","3.50","8.00","5.00",2,2
"824","1.00","1.00","9","9","1.00","1.00","1.00","9.00","1.00",2,2
"825","1.50","1.00","8","9","1.00","1.00","1.25","8.50","1.00",2,2
"826","6.00","3.50","8","8","2.00","3.00","4.75","8.00","2.50",2,2
"827","1.00","1.50","5","3","1.00","2.50","1.25","4.00","1.75",2,2
"828","1.00","1.50","5","8","1.00","1.50","1.25","6.50","1.25",2,2
"829","6.00","4.00","5","7","2.50","2.00","5.00","6.00","2.25",2,2
"830","1.00","5.00","9","5","1.00","3.00","3.00","7.00","2.00",2,2
"831","4.00","3.50","7","8","2.00","3.00","3.75","7.50","2.50",2,2
"832","4.00","4.00","8","7","2.00","2.00","4.00","7.50","2.00",2,2
"833","5.00","4.00","8","9","2.50","1.00","4.50","8.50","1.75",2,2
"834","1.50","2.00","8","8","2.00","1.50","1.75","8.00","1.75",2,2
"835","3.00","3.00","5","5","4.00","4.00","3.00","5.00","4.00",2,2
"836","1.00","1.50","9","9","1.00","1.00","1.25","9.00","1.00",2,2
"837","1.00","1.00","9","9","1.00","1.00","1.00","9.00","1.00",2,2
"838","2.00","3.50","8","9","2.00","2.00","2.75","8.50","2.00",2,2
"839","1.50","1.00","8","8","1.50","1.00","1.25","8.00","1.25",2,2
"840","1.00","1.00","9","9","1.00","1.00","1.00","9.00","1.00",2,2
"841","2.00","2.00","8","8","2.00","2.00","2.00","8.00","2.00",2,2
"842","1.00","3.00","9","9","1.00","2.00","2.00","9.00","1.50",2,2
"843","5.00","1.00","9","9","1.00","1.00","3.00","9.00","1.00",2,2
"844","1.50","2.00","5","5","2.00","2.00","1.75","5.00","2.00",2,2
"845","1.00","1.00","9","9","1.00","1.00","1.00","9.00","1.00",2,2
"846","2.50","1.50","8","9","2.50","2.00","2.00","8.50","2.25",2,2
"847","5.50","5.00","7","7","3.00","3.50","5.25","7.00","3.25",2,2
"848","1.00","1.00","9","9","1.00","1.00","1.00","9.00","1.00",2,2
"849","3.50","3.50","5","5","1.00","1.00","3.50","5.00","1.00",2,2
"850","1.00","1.00","5","5","1.00","1.00","1.00","5.00","1.00",2,2
"851","1.00","1.00","9","9","1.00","1.00","1.00","9.00","1.00",2,2
"852","1.00","1.00","9","9","1.00","1.00","1.00","9.00","1.00",2,2
"853","1.00","1.00","9","9","2.00","2.00","1.00","9.00","2.00",2,2
"854","7.50","5.00","5","5","5.50","3.00","6.25","5.00","4.25",2,2
"855","1.00","1.50","2","1","1.00","1.00","1.25","1.50","1.00",2,2
"856","1.00","1.00","8","8","1.00","1.00","1.00","8.00","1.00",2,2
"857","1.50","1.50","1","1","1.00","1.00","1.50","1.00","1.00",2,2
"858","1.00","1.00","6","5","1.00","1.00","1.00","5.50","1.00",2,2
"859","4.00","2.00","6","7","2.00","2.00","3.00","6.50","2.00",2,2
"860","2.00","3.00","8","8","2.00","2.00","2.50","8.00","2.00",2,2
"861","2.00","2.50","5","5","1.00","1.00","2.25","5.00","1.00",2,2
"862","2.00","2.00","8","5","1.00","1.50","2.00","6.50","1.25",2,2
"863","3.50","3.50","5","6","3.50","4.50","3.50","5.50","4.00",2,2
"864","4.00","1.00","6","9","4.00","1.00","2.50","7.50","2.50",2,2
"865","1.00","1.00","8","8","1.00","1.00","1.00","8.00","1.00",2,2
"866","1.00","8.50","9","5","1.00","4.00","4.75","7.00","2.50",2,2
"867","1.00","1.00","9","9","1.00","1.00","1.00","9.00","1.00",2,2
"868","3.00","3.00","8","8","1.00","1.00","3.00","8.00","1.00",2,2
"869","4.00","3.00","8","8","2.00","4.50","3.50","8.00","3.25",2,2
"870","1.00","1.00","9","9","1.00","1.00","1.00","9.00","1.00",2,2
"871","1.00","1.00","9","9","1.00","1.00","1.00","9.00","1.00",2,2
"872","1.00","1.00","9","9","1.00","1.00","1.00","9.00","1.00",2,2
"873","1.00","1.00","9","9","1.00","1.00","1.00","9.00","1.00",2,2
"874","1.00","1.50","8","8","1.00","1.00","1.25","8.00","1.00",2,2
"875","1.00","1.00","9","9","1.00","1.00","1.00","9.00","1.00",2,2
"876","1.00","1.50","6","6","1.00","1.00","1.25","6.00","1.00",2,2
"877","1.00","1.00","9","9","1.00","1.00","1.00","9.00","1.00",2,2
"878","1.00","1.00","9","9","1.00","1.00","1.00","9.00","1.00",2,2
"879","4.00","2.00","8","9","2.50","1.00","3.00","8.50","1.75",2,2
"880","1.00","1.00","7","9","1.00","1.00","1.00","8.00","1.00",2,2
"881","1.00","1.00","5","8","1.00","1.00","1.00","6.50","1.00",2,2
"882","1.00","4.00","9","8","1.00","1.50","2.50","8.50","1.25",2,2
"883","3.00","3.00","7","8","2.50","3.50","3.00","7.50","3.00",2,2
"884","1.00","1.00","9","9","1.00","1.00","1.00","9.00","1.00",2,2
"885","1.00","1.00","9","9","1.00","1.00","1.00","9.00","1.00",2,2
"886","5.00","6.50","5","1","1.00","5.00","5.75","3.00","3.00",2,2
"887","2.50","2.50","8","8","1.00","2.00","2.50","8.00","1.50",2,2
"888","1.50","1.50","7","8","2.00","2.00","1.50","7.50","2.00",2,2
"889","2.00","2.50","6","6","1.00","1.00","2.25","6.00","1.00",2,2
"890","1.50","5.00","8","7","1.00","3.00","3.25","7.50","2.00",2,2
"891","1.00","1.00","9","9","1.00","1.00","1.00","9.00","1.00",2,2
"892","1.00","1.00","9","9","1.00","1.00","1.00","9.00","1.00",2,2
"893","2.00","1.50","9","9","2.00","1.50","1.75","9.00","1.75",2,2
"894","1.50","2.50","9","8","1.00","3.00","2.00","8.50","2.00",2,2
"895","1.00","1.00","9","9","1.00","1.00","1.00","9.00","1.00",2,2
"896","1.00","1.00","8","7","1.00","1.50","1.00","7.50","1.25",2,2
"897","1.00","1.00","9","9","1.00","1.00","1.00","9.00","1.00",2,2
"898","3.50","1.50","7","8","4.00","3.00","2.50","7.50","3.50",2,2
"899","2.00","3.50","5","5","1.50","2.00","2.75","5.00","1.75",2,2
"900","3.00","1.50","9","9","1.00","1.00","2.25","9.00","1.00",2,2
"901","2.00","3.00","9","9","1.00","1.50","2.50","9.00","1.25",2,2
"902","2.00","2.00","7","7","1.00","1.00","2.00","7.00","1.00",2,2
"903","1.00","1.00","5","7","1.00","1.00","1.00","6.00","1.00",2,2
"904","2.00","1.50","8","8","1.00","1.00","1.75","8.00","1.00",2,2
"905","2.50","1.50","7","8","1.50","1.50","2.00","7.50","1.50",2,2
"906","1.00","4.50","9","6","1.00","4.00","2.75","7.50","2.50",2,2
"907","5.00","3.50","3","6","3.50","2.00","4.25","4.50","2.75",2,2
"908","6.50","1.00","9","9","1.00","1.00","3.75","9.00","1.00",2,2
"909","3.00","3.00","9","9","1.00","1.00","3.00","9.00","1.00",2,2
"910","2.50","1.50","9","6","1.00","1.50","2.00","7.50","1.25",2,2
"911","1.00","1.00","9","9","1.50","2.00","1.00","9.00","1.75",2,2
"912","1.00","1.00","9","9","1.00","1.00","1.00","9.00","1.00",2,2
"913","2.50","2.00","8","8","2.00","1.00","2.25","8.00","1.50",2,2
"914","2.50","4.00","8","8","2.00","1.50","3.25","8.00","1.75",2,2
"915","3.00","4.50","6","7","2.00","2.00","3.75","6.50","2.00",2,2
"916","1.00","4.00","9","5","1.00","2.00","2.50","7.00","1.50",2,2
"917","4.50","4.00","6","5","3.00","5.00","4.25","5.50","4.00",2,2
"918","4.50","5.00","5","6","3.00","4.50","4.75","5.50","3.75",2,2
"919","3.00","5.00","9","9","1.00","1.00","4.00","9.00","1.00",2,2
"920","2.00","1.00","9","9","3.00","1.00","1.50","9.00","2.00",2,2
"921","1.00","1.00","1","1","1.00","1.00","1.00","1.00","1.00",2,2
"922","1.00","1.00","9","9","1.00","1.00","1.00","9.00","1.00",2,2
"923","7.00","4.50","5","5","3.00","3.50","5.75","5.00","3.25",2,2
"924","1.00","1.00","9","9","1.00","1.00","1.00","9.00","1.00",2,2
"925","1.50","2.50","9","8","2.50","3.50","2.00","8.50","3.00",2,2
"926","1.00","1.00","9","9","1.00","1.00","1.00","9.00","1.00",2,2
"927","1.00","1.00","8","9","1.00","1.00","1.00","8.50","1.00",2,2
"928","2.00","1.50","9","9","1.00","1.00","1.75","9.00","1.00",2,2
"929","1.00","1.00","9","9","1.00","1.00","1.00","9.00","1.00",2,2
"930","1.00","1.00","9","9","1.00","1.00","1.00","9.00","1.00",2,2
"931","1.00","2.00","9","8","1.00","1.50","1.50","8.50","1.25",2,2
"932","1.00","1.00","5","5","2.00","2.00","1.00","5.00","2.00",2,2
"933","4.00","1.00","9","9","1.00","1.00","2.50","9.00","1.00",2,2
"934","1.00","1.50","8","7","1.00","1.00","1.25","7.50","1.00",2,2
"935","2.00","1.00","7","9","1.50","1.00","1.50","8.00","1.25",2,2
"936","3.50","5.00","4","6","3.00","3.00","4.25","5.00","3.00",2,2
"937","3.50","2.00","7","9","2.00","1.00","2.75","8.00","1.50",2,2
"938","2.50","1.50","7","9","1.00","1.00","2.00","8.00","1.00",2,2
"939","2.50","2.50","5","5","2.50","2.50","2.50","5.00","2.50",2,2
"940","1.50","1.50","5","7","2.00","2.50","1.50","6.00","2.25",2,2
"941","2.00","2.50","8","8","2.00","2.00","2.25","8.00","2.00",2,2
"942","5.00","3.00","8","9","1.00","1.00","4.00","8.50","1.00",2,2
"943","1.50","1.00","9","8","1.00","1.50","1.25","8.50","1.25",2,2
"944","6.00","#NULL!","8","#NULL!","6.00","#NULL!","#NULL!","#NULL!","#NULL!",2,2
"945","1.00","#NULL!","9","#NULL!","1.00","#NULL!","#NULL!","#NULL!","#NULL!",2,2
"946","7.00","#NULL!","5","#NULL!","7.00","#NULL!","#NULL!","#NULL!","#NULL!",2,2
"947","1.00","#NULL!","9","#NULL!","1.00","#NULL!","#NULL!","#NULL!","#NULL!",2,2
"948","8.00","#NULL!","7","#NULL!","4.50","#NULL!","#NULL!","#NULL!","#NULL!",2,2
"949","1.00","#NULL!","9","#NULL!","1.00","#NULL!","#NULL!","#NULL!","#NULL!",2,2
"950","2.50","#NULL!","3","#NULL!","2.00","#NULL!","#NULL!","#NULL!","#NULL!",2,2
"951","4.00","#NULL!","4","#NULL!","4.00","#NULL!","#NULL!","#NULL!","#NULL!",2,2
"952","3.00","#NULL!","7","#NULL!","1.00","#NULL!","#NULL!","#NULL!","#NULL!",2,2
"953","1.00","#NULL!","9","#NULL!","1.00","#NULL!","#NULL!","#NULL!","#NULL!",2,2
"954","7.00","#NULL!","7","#NULL!","4.50","#NULL!","#NULL!","#NULL!","#NULL!",2,2
"955","1.00","#NULL!","9","#NULL!","1.00","#NULL!","#NULL!","#NULL!","#NULL!",2,2
"956","3.00","#NULL!","6","#NULL!","3.50","#NULL!","#NULL!","#NULL!","#NULL!",2,2
"957","3.00","#NULL!","7","#NULL!","2.50","#NULL!","#NULL!","#NULL!","#NULL!",2,2
"958","6.50","#NULL!","3","#NULL!","1.50","#NULL!","#NULL!","#NULL!","#NULL!",2,2
"959","3.00","#NULL!","8","#NULL!","2.00","#NULL!","#NULL!","#NULL!","#NULL!",2,2
"960","2.50","#NULL!","9","#NULL!","2.00","#NULL!","#NULL!","#NULL!","#NULL!",2,2
"961","4.50","#NULL!","5","#NULL!","4.00","#NULL!","#NULL!","#NULL!","#NULL!",2,2
"962","1.00","#NULL!","5","#NULL!","4.50","#NULL!","#NULL!","#NULL!","#NULL!",2,2
"963","#NULL!","1.00","#NULL!","6","#NULL!","1.00","#NULL!","#NULL!","#NULL!",2,2
"964","#NULL!","5.00","#NULL!","5","#NULL!","5.00","#NULL!","#NULL!","#NULL!",2,2
"965","#NULL!","1.50","#NULL!","8","#NULL!","1.50","#NULL!","#NULL!","#NULL!",2,2
"966","#NULL!","1.00","#NULL!","9","#NULL!","1.00","#NULL!","#NULL!","#NULL!",2,2
"967","#NULL!","6.00","#NULL!","4","#NULL!","3.50","#NULL!","#NULL!","#NULL!",2,2
"968","#NULL!","1.00","#NULL!","9","#NULL!","1.00","#NULL!","#NULL!","#NULL!",2,2
"969","#NULL!","1.00","#NULL!","9","#NULL!","1.50","#NULL!","#NULL!","#NULL!",2,2
"970","#NULL!","1.00","#NULL!","5","#NULL!","2.00","#NULL!","#NULL!","#NULL!",2,2
"971","#NULL!","2.50","#NULL!","9","#NULL!","1.00","#NULL!","#NULL!","#NULL!",2,2
"972","#NULL!","5.50","#NULL!","6","#NULL!","4.00","#NULL!","#NULL!","#NULL!",2,2
"973","#NULL!","1.00","#NULL!","7","#NULL!","1.00","#NULL!","#NULL!","#NULL!",2,2
"974","#NULL!","1.00","#NULL!","9","#NULL!","1.00","#NULL!","#NULL!","#NULL!",2,2
"975","#NULL!","1.00","#NULL!","8","#NULL!","1.00","#NULL!","#NULL!","#NULL!",2,2
"976","#NULL!","5.50","#NULL!","2","#NULL!","5.50","#NULL!","#NULL!","#NULL!",2,2
"977","#NULL!","4.00","#NULL!","5","#NULL!","3.00","#NULL!","#NULL!","#NULL!",2,2
"978","#NULL!","1.00","#NULL!","9","#NULL!","1.00","#NULL!","#NULL!","#NULL!",2,2
"979","#NULL!","1.00","#NULL!","7","#NULL!","1.00","#NULL!","#NULL!","#NULL!",2,2
"980","#NULL!","1.00","#NULL!","9","#NULL!","1.00","#NULL!","#NULL!","#NULL!",2,2
"981","#NULL!","#NULL!","#NULL!","#NULL!","#NULL!","#NULL!","#NULL!","#NULL!","#NULL!",2,2
"982","#NULL!","#NULL!","#NULL!","#NULL!","#NULL!","#NULL!","#NULL!","#NULL!","#NULL!",2,2
"983","#NULL!","#NULL!","#NULL!","#NULL!","#NULL!","#NULL!","#NULL!","#NULL!","#NULL!",2,2
"984","#NULL!","#NULL!","#NULL!","#NULL!","#NULL!","#NULL!","#NULL!","#NULL!","#NULL!",2,2
"985","#NULL!","#NULL!","#NULL!","#NULL!","#NULL!","#NULL!","#NULL!","#NULL!","#NULL!",2,2
"986","#NULL!","#NULL!","#NULL!","#NULL!","#NULL!","#NULL!","#NULL!","#NULL!","#NULL!",2,2
"987","#NULL!","#NULL!","#NULL!","#NULL!","#NULL!","#NULL!","#NULL!","#NULL!","#NULL!",2,2
"988","#NULL!","#NULL!","#NULL!","#NULL!","#NULL!","#NULL!","#NULL!","#NULL!","#NULL!",2,2
"989","#NULL!","#NULL!","#NULL!","#NULL!","#NULL!","#NULL!","#NULL!","#NULL!","#NULL!",2,2
"990","#NULL!","#NULL!","#NULL!","#NULL!","#NULL!","#NULL!","#NULL!","#NULL!","#NULL!",2,2
"991","#NULL!","#NULL!","#NULL!","#NULL!","#NULL!","#NULL!","#NULL!","#NULL!","#NULL!",2,2
"992","#NULL!","#NULL!","#NULL!","#NULL!","#NULL!","#NULL!","#NULL!","#NULL!","#NULL!",2,2
"993","#NULL!","#NULL!","#NULL!","#NULL!","#NULL!","#NULL!","#NULL!","#NULL!","#NULL!",2,2
"994","#NULL!","#NULL!","#NULL!","#NULL!","#NULL!","#NULL!","#NULL!","#NULL!","#NULL!",2,2
"995","#NULL!","#NULL!","#NULL!","#NULL!","#NULL!","#NULL!","#NULL!","#NULL!","#NULL!",2,2
"996","#NULL!","#NULL!","#NULL!","#NULL!","#NULL!","#NULL!","#NULL!","#NULL!","#NULL!",2,2
"997","#NULL!","#NULL!","#NULL!","#NULL!","#NULL!","#NULL!","#NULL!","#NULL!","#NULL!",2,2
"998","#NULL!","#NULL!","#NULL!","#NULL!","#NULL!","#NULL!","#NULL!","#NULL!","#NULL!",2,2
"999","#NULL!","#NULL!","#NULL!","#NULL!","#NULL!","#NULL!","#NULL!","#NULL!","#NULL!",2,2
"1000","#NULL!","#NULL!","#NULL!","#NULL!","#NULL!","#NULL!","#NULL!","#NULL!","#NULL!",2,2
"1001","#NULL!","#NULL!","#NULL!","#NULL!","#NULL!","#NULL!","#NULL!","#NULL!","#NULL!",2,2
"1002","#NULL!","#NULL!","#NULL!","#NULL!","#NULL!","#NULL!","#NULL!","#NULL!","#NULL!",2,2
"1003","#NULL!","#NULL!","#NULL!","#NULL!","#NULL!","#NULL!","#NULL!","#NULL!","#NULL!",2,2
