,isl_pkc,ship_pkc,isl_exp,ship_exp,isl_blc,ship_blc,both_pkc,both_exp,both_blc,choice,expert,group
1,1,1,9,9,1,1,1,9,1,1,1,Optimal/Expert
2,2.5,1.5,7,8,1,1,2,7.5,1,1,1,Optimal/Expert
3,1.5,3,9,8,1,1,2.25,8.5,1,1,1,Optimal/Expert
4,1,1,9,9,1,1,1,9,1,1,1,Optimal/Expert
5,1,1,9,9,1,1,1,9,1,1,1,Optimal/Expert
6,1,1,8,8,1,1,1,8,1,1,1,Optimal/Expert
7,1,1,1,9,1,1,1,5,1,1,1,Optimal/Expert
8,1,1,9,9,1,1,1,9,1,1,1,Optimal/Expert
9,1,1,9,8,1,1,1,8.5,1,1,1,Optimal/Expert
10,2,1,8,8,1,1,1.5,8,1,1,1,Optimal/Expert
11,3.5,6,7,8,1.5,2,4.75,7.5,1.75,1,1,Optimal/Expert
12,2,2,8,8,1,1,2,8,1,1,1,Optimal/Expert
13,3,1,9,9,1,1,2,9,1,1,1,Optimal/Expert
14,2,1,9,9,2,1,1.5,9,1.5,1,1,Optimal/Expert
15,1,1,9,9,1,1,1,9,1,1,1,Optimal/Expert
16,1,2,9,9,1,2,1.5,9,1.5,1,1,Optimal/Expert
17,1,2.5,7,8,1,2,1.75,7.5,1.5,1,1,Optimal/Expert
18,5,4.5,6,6,4,3,4.75,6,3.5,1,1,Optimal/Expert
19,2.5,2.5,9,3,1.5,2,2.5,6,1.75,1,1,Optimal/Expert
20,7,7,7,9,6.5,6.5,7,8,6.5,1,1,Optimal/Expert
21,1.5,1.5,8,8,1,1,1.5,8,1,1,1,Optimal/Expert
22,1,1,6,6,1,1,1,6,1,1,1,Optimal/Expert
23,1.5,1,8,8,1,1,1.25,8,1,1,1,Optimal/Expert
24,1,1,7,7,1,1,1,7,1,1,1,Optimal/Expert
25,1,1,9,9,1,1,1,9,1,1,1,Optimal/Expert
26,1,3,9,9,1,1,2,9,1,1,1,Optimal/Expert
27,1,1,9,9,1,1,1,9,1,1,1,Optimal/Expert
28,1,1,9,9,1,1,1,9,1,1,1,Optimal/Expert
29,1,1,9,9,1,1,1,9,1,1,1,Optimal/Expert
30,2,3,9,9,1,1,2.5,9,1,1,1,Optimal/Expert
31,2.5,2.5,9,9,1,1,2.5,9,1,1,1,Optimal/Expert
32,7.5,6.5,7,7,7.5,7.5,7,7,7.5,1,1,Optimal/Expert
33,4.5,1,9,5,2,1,2.75,7,1.5,1,1,Optimal/Expert
34,2,2,8,7,1,3,2,7.5,2,1,1,Optimal/Expert
35,1,1,9,9,1,1,1,9,1,1,1,Optimal/Expert
36,1.5,1,8,8,1,1,1.25,8,1,1,1,Optimal/Expert
37,1,1,9,9,1,1,1,9,1,1,1,Optimal/Expert
38,1,1,9,9,1,1,1,9,1,1,1,Optimal/Expert
39,1,1,9,9,1,2.5,1,9,1.75,1,1,Optimal/Expert
40,1.5,2,9,8,1,1,1.75,8.5,1,1,1,Optimal/Expert
41,1.5,2.5,9,9,1.5,1.5,2,9,1.5,1,1,Optimal/Expert
42,1,1,9,9,1,1,1,9,1,1,1,Optimal/Expert
43,2,1.5,6,6,1.5,1,1.75,6,1.25,1,1,Optimal/Expert
44,6,4,9,9,1.5,4,5,9,2.75,1,1,Optimal/Expert
45,1,1,9,9,2,2,1,9,2,1,1,Optimal/Expert
46,2.5,2.5,8,9,1,2,2.5,8.5,1.5,1,1,Optimal/Expert
47,3,2.5,7,7,1,1,2.75,7,1,1,1,Optimal/Expert
48,3,3.5,5,3,2.5,2.5,3.25,4,2.5,1,1,Optimal/Expert
49,1,2,7,5,1,1,1.5,6,1,1,1,Optimal/Expert
50,1,1,9,9,1,1,1,9,1,1,1,Optimal/Expert
51,1,1,8,7,1,1,1,7.5,1,1,1,Optimal/Expert
52,1,1,9,8,1,1,1,8.5,1,1,1,Optimal/Expert
53,1,1,6,6,1,1,1,6,1,1,1,Optimal/Expert
54,1,1,9,9,1,1,1,9,1,1,1,Optimal/Expert
55,1.5,1.5,9,9,1,2,1.5,9,1.5,1,1,Optimal/Expert
56,1,2.5,9,8,1,2,1.75,8.5,1.5,1,1,Optimal/Expert
57,1,1,9,9,1,1,1,9,1,1,1,Optimal/Expert
58,1,1,9,7,1,4.5,1,8,2.75,1,1,Optimal/Expert
59,1,1,5,6,1,1,1,5.5,1,1,1,Optimal/Expert
60,1,1,9,9,1,1,1,9,1,1,1,Optimal/Expert
61,1,3,9,9,1,1,2,9,1,1,1,Optimal/Expert
62,2,1.5,7,7,2,3,1.75,7,2.5,1,1,Optimal/Expert
63,4.5,1.5,9,9,1.5,2,3,9,1.75,1,1,Optimal/Expert
64,1.5,1,9,9,1,1.5,1.25,9,1.25,1,1,Optimal/Expert
65,1,1.5,9,9,1,1,1.25,9,1,1,1,Optimal/Expert
66,1,1,8,8,2,2,1,8,2,1,1,Optimal/Expert
67,4,6,8,5,1.5,7,5,6.5,4.25,1,1,Optimal/Expert
68,2,4,8,7,1,2.5,3,7.5,1.75,1,1,Optimal/Expert
69,6.5,2,9,8,1,1,4.25,8.5,1,1,1,Optimal/Expert
70,3,3,7,7,3,3,3,7,3,1,1,Optimal/Expert
71,1,1,9,9,1,1,1,9,1,1,1,Optimal/Expert
72,1,1,9,9,1,1,1,9,1,1,1,Optimal/Expert
73,2,1.5,8,9,1,1,1.75,8.5,1,1,1,Optimal/Expert
74,3.5,1.5,9,9,1,1,2.5,9,1,1,1,Optimal/Expert
75,1,3,6,7,1,1,2,6.5,1,1,1,Optimal/Expert
76,3,1,8,6,1,1,2,7,1,1,1,Optimal/Expert
77,1,1,9,9,1,1,1,9,1,1,1,Optimal/Expert
78,4,3,7,7,2,2,3.5,7,2,1,1,Optimal/Expert
79,1,1,9,9,1,1,1,9,1,1,1,Optimal/Expert
80,1,1,9,9,1,1,1,9,1,1,1,Optimal/Expert
81,1,5,8,8,1,1,3,8,1,1,1,Optimal/Expert
82,4,3.5,8,8,3,3.5,3.75,8,3.25,1,1,Optimal/Expert
83,1,1,9,9,1.5,1.5,1,9,1.5,1,1,Optimal/Expert
84,1,1,9,9,1.5,1.5,1,9,1.5,1,1,Optimal/Expert
85,3,5,6,5,3,6,4,5.5,4.5,1,1,Optimal/Expert
86,1,1,5,9,1,1,1,7,1,1,1,Optimal/Expert
87,1.5,1,8,8,1,1,1.25,8,1,1,1,Optimal/Expert
88,2,2,8,8,1,1,2,8,1,1,1,Optimal/Expert
89,1,2,9,8,1.5,3,1.5,8.5,2.25,1,1,Optimal/Expert
90,3,3,9,9,1,1,3,9,1,1,1,Optimal/Expert
91,2,2.5,8,9,1,1,2.25,8.5,1,1,1,Optimal/Expert
92,1,2,6,9,1,1,1.5,7.5,1,1,1,Optimal/Expert
93,1,1,9,9,1,1,1,9,1,1,1,Optimal/Expert
94,1,1,5,5,1,1,1,5,1,1,1,Optimal/Expert
95,2,4.5,8,8,1,1,3.25,8,1,1,1,Optimal/Expert
96,2,2,8,8,1,1,2,8,1,1,1,Optimal/Expert
97,1,1,9,9,1,1,1,9,1,1,1,Optimal/Expert
98,5.5,6.5,8,8,3.5,6.5,6,8,5,1,1,Optimal/Expert
99,1,1,5,7,1,1,1,6,1,1,1,Optimal/Expert
100,4.5,4.5,7,9,1,2.5,4.5,8,1.75,1,1,Optimal/Expert
101,1,3,9,9,1,1,2,9,1,1,1,Optimal/Expert
102,1,1,9,9,1,1,1,9,1,1,1,Optimal/Expert
103,2,1.5,9,9,2,2,1.75,9,2,1,1,Optimal/Expert
104,7,5,7,7,4.5,4.5,6,7,4.5,1,1,Optimal/Expert
105,2,2.5,8,8,1,1,2.25,8,1,1,1,Optimal/Expert
106,1,1,9,9,1,1,1,9,1,1,1,Optimal/Expert
107,1.5,1.5,8,8,1.5,1.5,1.5,8,1.5,1,1,Optimal/Expert
108,2.5,3,8,7,2,3,2.75,7.5,2.5,1,1,Optimal/Expert
109,4.5,5.5,7,7,5,6.5,5,7,5.75,1,1,Optimal/Expert
110,5,5.5,8,6,1,2,5.25,7,1.5,1,1,Optimal/Expert
111,1,1,9,9,1,1,1,9,1,1,1,Optimal/Expert
112,1,1,9,9,1,1,1,9,1,1,1,Optimal/Expert
113,4,1,5,6,6,3.5,2.5,5.5,4.75,1,1,Optimal/Expert
114,4.5,5.5,5,4,5,5,5,4.5,5,1,1,Optimal/Expert
115,1,1.5,9,9,1,1,1.25,9,1,1,1,Optimal/Expert
116,1,1,9,9,1,1,1,9,1,1,1,Optimal/Expert
117,1,1,9,9,1,1,1,9,1,1,1,Optimal/Expert
118,2,1,9,9,1,1,1.5,9,1,1,1,Optimal/Expert
119,1,1,9,9,1,1,1,9,1,1,1,Optimal/Expert
120,1,1,9,9,1,1,1,9,1,1,1,Optimal/Expert
121,2,2,9,9,4,4.5,2,9,4.25,1,1,Optimal/Expert
122,6.5,4.5,6,7,3.5,1.5,5.5,6.5,2.5,1,1,Optimal/Expert
123,5,4.5,5,4,5.5,7,4.75,4.5,6.25,1,1,Optimal/Expert
124,1,1.5,8,5,1,1,1.25,6.5,1,1,1,Optimal/Expert
125,2.5,1,8,5,1,1,1.75,6.5,1,1,1,Optimal/Expert
126,1,1,9,9,1,1,1,9,1,1,1,Optimal/Expert
127,4,4.5,6,7,3.5,3,4.25,6.5,3.25,1,1,Optimal/Expert
128,1,1,9,9,1,1,1,9,1,1,1,Optimal/Expert
129,1,1,9,9,1,1,1,9,1,1,1,Optimal/Expert
130,3.5,1,7,8,2,1,2.25,7.5,1.5,1,1,Optimal/Expert
131,2.5,2.5,7,7,2,2,2.5,7,2,1,1,Optimal/Expert
132,1,1,8,8,1,1,1,8,1,1,1,Optimal/Expert
133,3.5,3.5,9,9,1,1,3.5,9,1,1,1,Optimal/Expert
134,2,3,8,8,1,1,2.5,8,1,1,1,Optimal/Expert
135,1,1,8,9,1,1,1,8.5,1,1,1,Optimal/Expert
136,1.5,1.5,9,9,1,1,1.5,9,1,1,1,Optimal/Expert
137,1,1.5,8,8,1,1,1.25,8,1,1,1,Optimal/Expert
138,1,1,9,9,1,1,1,9,1,1,1,Optimal/Expert
139,1,1,9,9,1,1,1,9,1,1,1,Optimal/Expert
140,1,1,8,9,1,1,1,8.5,1,1,1,Optimal/Expert
141,4,1,6,8,1,1,2.5,7,1,1,1,Optimal/Expert
142,1,1,9,9,1,1,1,9,1,1,1,Optimal/Expert
143,3,3,5,9,1,1,3,7,1,1,1,Optimal/Expert
144,1,1,9,9,1,1,1,9,1,1,1,Optimal/Expert
145,2.5,2,7,8,2,2,2.25,7.5,2,1,1,Optimal/Expert
146,3.5,3,9,9,2,1.5,3.25,9,1.75,1,1,Optimal/Expert
147,5.5,4.5,6,6,2,2,5,6,2,1,1,Optimal/Expert
148,1.5,2,7,7,1,1,1.75,7,1,1,1,Optimal/Expert
149,1,1,8,8,1,1,1,8,1,1,1,Optimal/Expert
150,1.5,5,9,5,1,1,3.25,7,1,1,1,Optimal/Expert
151,2.5,2.5,6,7,2,3,2.5,6.5,2.5,1,1,Optimal/Expert
152,1,1,8,8,1,1,1,8,1,1,1,Optimal/Expert
153,2.5,4,8,7,2.5,3.5,3.25,7.5,3,1,1,Optimal/Expert
154,1.5,1.5,9,9,1,1,1.5,9,1,1,1,Optimal/Expert
155,1.5,1,9,9,1,1,1.25,9,1,1,1,Optimal/Expert
156,1,1,9,5,1,1,1,7,1,1,1,Optimal/Expert
157,1,1,9,9,1,1,1,9,1,1,1,Optimal/Expert
158,3,4.5,7,6,1,4.5,3.75,6.5,2.75,1,1,Optimal/Expert
159,1.5,1,9,9,1,1,1.25,9,1,1,1,Optimal/Expert
160,1.5,1,9,9,1,1,1.25,9,1,1,1,Optimal/Expert
161,1,2,9,7,1,1,1.5,8,1,1,1,Optimal/Expert
162,3,#NULL!,8,#NULL!,1,#NULL!,#NULL!,#NULL!,#NULL!,1,1,Optimal/Expert
163,1,#NULL!,8,#NULL!,1,#NULL!,#NULL!,#NULL!,#NULL!,1,1,Optimal/Expert
164,4.5,#NULL!,6,#NULL!,3.5,#NULL!,#NULL!,#NULL!,#NULL!,1,1,Optimal/Expert
165,4,#NULL!,7,#NULL!,1,#NULL!,#NULL!,#NULL!,#NULL!,1,1,Optimal/Expert
166,1,#NULL!,9,#NULL!,1,#NULL!,#NULL!,#NULL!,#NULL!,1,1,Optimal/Expert
167,1,#NULL!,9,#NULL!,1,#NULL!,#NULL!,#NULL!,#NULL!,1,1,Optimal/Expert
168,1,#NULL!,9,#NULL!,1,#NULL!,#NULL!,#NULL!,#NULL!,1,1,Optimal/Expert
169,4.5,#NULL!,6,#NULL!,4,#NULL!,#NULL!,#NULL!,#NULL!,1,1,Optimal/Expert
170,1,#NULL!,9,#NULL!,1,#NULL!,#NULL!,#NULL!,#NULL!,1,1,Optimal/Expert
171,1,#NULL!,9,#NULL!,1.5,#NULL!,#NULL!,#NULL!,#NULL!,1,1,Optimal/Expert
172,1,#NULL!,9,#NULL!,1,#NULL!,#NULL!,#NULL!,#NULL!,1,1,Optimal/Expert
173,2.5,#NULL!,7,#NULL!,3,#NULL!,#NULL!,#NULL!,#NULL!,1,1,Optimal/Expert
174,2.5,#NULL!,6,#NULL!,1,#NULL!,#NULL!,#NULL!,#NULL!,1,1,Optimal/Expert
175,1,#NULL!,9,#NULL!,1,#NULL!,#NULL!,#NULL!,#NULL!,1,1,Optimal/Expert
176,1,#NULL!,8,#NULL!,1,#NULL!,#NULL!,#NULL!,#NULL!,1,1,Optimal/Expert
177,2.5,#NULL!,7,#NULL!,2.5,#NULL!,#NULL!,#NULL!,#NULL!,1,1,Optimal/Expert
178,1,#NULL!,9,#NULL!,1,#NULL!,#NULL!,#NULL!,#NULL!,1,1,Optimal/Expert
179,1,#NULL!,9,#NULL!,2,#NULL!,#NULL!,#NULL!,#NULL!,1,1,Optimal/Expert
180,1,#NULL!,5,#NULL!,1,#NULL!,#NULL!,#NULL!,#NULL!,1,1,Optimal/Expert
181,8,#NULL!,9,#NULL!,7.5,#NULL!,#NULL!,#NULL!,#NULL!,1,1,Optimal/Expert
182,1,#NULL!,9,#NULL!,1,#NULL!,#NULL!,#NULL!,#NULL!,1,1,Optimal/Expert
183,1,#NULL!,7,#NULL!,1,#NULL!,#NULL!,#NULL!,#NULL!,1,1,Optimal/Expert
184,1,#NULL!,9,#NULL!,1,#NULL!,#NULL!,#NULL!,#NULL!,1,1,Optimal/Expert
185,1,#NULL!,5,#NULL!,3,#NULL!,#NULL!,#NULL!,#NULL!,1,1,Optimal/Expert
186,#NULL!,5.5,#NULL!,5,#NULL!,5.5,#NULL!,#NULL!,#NULL!,1,1,Optimal/Expert
187,#NULL!,4.5,#NULL!,7,#NULL!,6,#NULL!,#NULL!,#NULL!,1,1,Optimal/Expert
188,#NULL!,6,#NULL!,4,#NULL!,5.5,#NULL!,#NULL!,#NULL!,1,1,Optimal/Expert
189,#NULL!,1.5,#NULL!,8,#NULL!,1,#NULL!,#NULL!,#NULL!,1,1,Optimal/Expert
190,#NULL!,1.5,#NULL!,9,#NULL!,1,#NULL!,#NULL!,#NULL!,1,1,Optimal/Expert
191,#NULL!,5.5,#NULL!,7,#NULL!,4,#NULL!,#NULL!,#NULL!,1,1,Optimal/Expert
192,#NULL!,1,#NULL!,9,#NULL!,1,#NULL!,#NULL!,#NULL!,1,1,Optimal/Expert
193,#NULL!,2,#NULL!,8,#NULL!,2,#NULL!,#NULL!,#NULL!,1,1,Optimal/Expert
194,#NULL!,1.5,#NULL!,8,#NULL!,1,#NULL!,#NULL!,#NULL!,1,1,Optimal/Expert
195,#NULL!,1,#NULL!,9,#NULL!,1,#NULL!,#NULL!,#NULL!,1,1,Optimal/Expert
196,#NULL!,9,#NULL!,1,#NULL!,6.5,#NULL!,#NULL!,#NULL!,1,1,Optimal/Expert
197,#NULL!,2,#NULL!,5,#NULL!,4,#NULL!,#NULL!,#NULL!,1,1,Optimal/Expert
198,#NULL!,3,#NULL!,9,#NULL!,1,#NULL!,#NULL!,#NULL!,1,1,Optimal/Expert
199,#NULL!,1,#NULL!,8,#NULL!,1,#NULL!,#NULL!,#NULL!,1,1,Optimal/Expert
200,#NULL!,2,#NULL!,5,#NULL!,1,#NULL!,#NULL!,#NULL!,1,1,Optimal/Expert
201,#NULL!,1,#NULL!,9,#NULL!,1,#NULL!,#NULL!,#NULL!,1,1,Optimal/Expert
202,#NULL!,5.5,#NULL!,5,#NULL!,7,#NULL!,#NULL!,#NULL!,1,1,Optimal/Expert
203,#NULL!,2,#NULL!,9,#NULL!,1,#NULL!,#NULL!,#NULL!,1,1,Optimal/Expert
204,#NULL!,1,#NULL!,5,#NULL!,1,#NULL!,#NULL!,#NULL!,1,1,Optimal/Expert
205,#NULL!,1,#NULL!,8,#NULL!,1,#NULL!,#NULL!,#NULL!,1,1,Optimal/Expert
206,#NULL!,6,#NULL!,6,#NULL!,4.5,#NULL!,#NULL!,#NULL!,1,1,Optimal/Expert
207,#NULL!,1,#NULL!,9,#NULL!,1,#NULL!,#NULL!,#NULL!,1,1,Optimal/Expert
208,#NULL!,1.5,#NULL!,8,#NULL!,1.5,#NULL!,#NULL!,#NULL!,1,1,Optimal/Expert
209,#NULL!,2,#NULL!,7,#NULL!,3,#NULL!,#NULL!,#NULL!,1,1,Optimal/Expert
210,#NULL!,1,#NULL!,9,#NULL!,1,#NULL!,#NULL!,#NULL!,1,1,Optimal/Expert
211,#NULL!,#NULL!,#NULL!,#NULL!,#NULL!,#NULL!,#NULL!,#NULL!,#NULL!,1,1,Optimal/Expert
212,#NULL!,#NULL!,#NULL!,#NULL!,#NULL!,#NULL!,#NULL!,#NULL!,#NULL!,1,1,Optimal/Expert
213,#NULL!,#NULL!,#NULL!,#NULL!,#NULL!,#NULL!,#NULL!,#NULL!,#NULL!,1,1,Optimal/Expert
214,#NULL!,#NULL!,#NULL!,#NULL!,#NULL!,#NULL!,#NULL!,#NULL!,#NULL!,1,1,Optimal/Expert
215,#NULL!,#NULL!,#NULL!,#NULL!,#NULL!,#NULL!,#NULL!,#NULL!,#NULL!,1,1,Optimal/Expert
216,#NULL!,#NULL!,#NULL!,#NULL!,#NULL!,#NULL!,#NULL!,#NULL!,#NULL!,1,1,Optimal/Expert
217,#NULL!,#NULL!,#NULL!,#NULL!,#NULL!,#NULL!,#NULL!,#NULL!,#NULL!,1,1,Optimal/Expert
218,#NULL!,#NULL!,#NULL!,#NULL!,#NULL!,#NULL!,#NULL!,#NULL!,#NULL!,1,1,Optimal/Expert
219,#NULL!,#NULL!,#NULL!,#NULL!,#NULL!,#NULL!,#NULL!,#NULL!,#NULL!,1,1,Optimal/Expert
220,#NULL!,#NULL!,#NULL!,#NULL!,#NULL!,#NULL!,#NULL!,#NULL!,#NULL!,1,1,Optimal/Expert
221,#NULL!,#NULL!,#NULL!,#NULL!,#NULL!,#NULL!,#NULL!,#NULL!,#NULL!,1,1,Optimal/Expert
222,#NULL!,#NULL!,#NULL!,#NULL!,#NULL!,#NULL!,#NULL!,#NULL!,#NULL!,1,1,Optimal/Expert
223,#NULL!,#NULL!,#NULL!,#NULL!,#NULL!,#NULL!,#NULL!,#NULL!,#NULL!,1,1,Optimal/Expert
224,#NULL!,#NULL!,#NULL!,#NULL!,#NULL!,#NULL!,#NULL!,#NULL!,#NULL!,1,1,Optimal/Expert
225,#NULL!,#NULL!,#NULL!,#NULL!,#NULL!,#NULL!,#NULL!,#NULL!,#NULL!,1,1,Optimal/Expert
226,#NULL!,#NULL!,#NULL!,#NULL!,#NULL!,#NULL!,#NULL!,#NULL!,#NULL!,1,1,Optimal/Expert
227,#NULL!,#NULL!,#NULL!,#NULL!,#NULL!,#NULL!,#NULL!,#NULL!,#NULL!,1,1,Optimal/Expert
228,#NULL!,#NULL!,#NULL!,#NULL!,#NULL!,#NULL!,#NULL!,#NULL!,#NULL!,1,1,Optimal/Expert
229,#NULL!,#NULL!,#NULL!,#NULL!,#NULL!,#NULL!,#NULL!,#NULL!,#NULL!,1,1,Optimal/Expert
230,#NULL!,#NULL!,#NULL!,#NULL!,#NULL!,#NULL!,#NULL!,#NULL!,#NULL!,1,1,Optimal/Expert
231,#NULL!,#NULL!,#NULL!,#NULL!,#NULL!,#NULL!,#NULL!,#NULL!,#NULL!,1,1,Optimal/Expert
232,#NULL!,#NULL!,#NULL!,#NULL!,#NULL!,#NULL!,#NULL!,#NULL!,#NULL!,1,1,Optimal/Expert
233,#NULL!,#NULL!,#NULL!,#NULL!,#NULL!,#NULL!,#NULL!,#NULL!,#NULL!,1,1,Optimal/Expert
234,#NULL!,#NULL!,#NULL!,#NULL!,#NULL!,#NULL!,#NULL!,#NULL!,#NULL!,1,1,Optimal/Expert
235,#NULL!,#NULL!,#NULL!,#NULL!,#NULL!,#NULL!,#NULL!,#NULL!,#NULL!,1,1,Optimal/Expert
236,#NULL!,#NULL!,#NULL!,#NULL!,#NULL!,#NULL!,#NULL!,#NULL!,#NULL!,1,1,Optimal/Expert
237,#NULL!,#NULL!,#NULL!,#NULL!,#NULL!,#NULL!,#NULL!,#NULL!,#NULL!,1,1,Optimal/Expert
238,#NULL!,#NULL!,#NULL!,#NULL!,#NULL!,#NULL!,#NULL!,#NULL!,#NULL!,1,1,Optimal/Expert
239,#NULL!,#NULL!,#NULL!,#NULL!,#NULL!,#NULL!,#NULL!,#NULL!,#NULL!,1,1,Optimal/Expert
240,#NULL!,#NULL!,#NULL!,#NULL!,#NULL!,#NULL!,#NULL!,#NULL!,#NULL!,1,1,Optimal/Expert
241,#NULL!,#NULL!,#NULL!,#NULL!,#NULL!,#NULL!,#NULL!,#NULL!,#NULL!,1,1,Optimal/Expert
242,#NULL!,#NULL!,#NULL!,#NULL!,#NULL!,#NULL!,#NULL!,#NULL!,#NULL!,1,1,Optimal/Expert
243,#NULL!,#NULL!,#NULL!,#NULL!,#NULL!,#NULL!,#NULL!,#NULL!,#NULL!,1,1,Optimal/Expert
244,#NULL!,#NULL!,#NULL!,#NULL!,#NULL!,#NULL!,#NULL!,#NULL!,#NULL!,1,1,Optimal/Expert
245,#NULL!,#NULL!,#NULL!,#NULL!,#NULL!,#NULL!,#NULL!,#NULL!,#NULL!,1,1,Optimal/Expert
246,#NULL!,#NULL!,#NULL!,#NULL!,#NULL!,#NULL!,#NULL!,#NULL!,#NULL!,1,1,Optimal/Expert
247,#NULL!,#NULL!,#NULL!,#NULL!,#NULL!,#NULL!,#NULL!,#NULL!,#NULL!,1,1,Optimal/Expert
248,#NULL!,#NULL!,#NULL!,#NULL!,#NULL!,#NULL!,#NULL!,#NULL!,#NULL!,1,1,Optimal/Expert
249,#NULL!,#NULL!,#NULL!,#NULL!,#NULL!,#NULL!,#NULL!,#NULL!,#NULL!,1,1,Optimal/Expert
250,2.5,2.5,6,5,1,2,2.5,5.5,1.5,1,2,Optimal/Non-Expert
251,2,1.5,8,7,2,1.5,1.75,7.5,1.75,1,2,Optimal/Non-Expert
252,1,1,4,5,1,1,1,4.5,1,1,2,Optimal/Non-Expert
253,1,1,5,9,1,1,1,7,1,1,2,Optimal/Non-Expert
254,1,1.5,9,8,1,1,1.25,8.5,1,1,2,Optimal/Non-Expert
255,1,1,9,9,1,1,1,9,1,1,2,Optimal/Non-Expert
256,1,1,8,8,1,1,1,8,1,1,2,Optimal/Non-Expert
257,3,4.5,7,7,1.5,2.5,3.75,7,2,1,2,Optimal/Non-Expert
258,1,1,5,5,1,1,1,5,1,1,2,Optimal/Non-Expert
259,1,1,9,9,1,1,1,9,1,1,2,Optimal/Non-Expert
260,2,3,5,7,1.5,1.5,2.5,6,1.5,1,2,Optimal/Non-Expert
261,4,2,8,8,1,1,3,8,1,1,2,Optimal/Non-Expert
262,1,2,9,8,1,1,1.5,8.5,1,1,2,Optimal/Non-Expert
263,1,1,5,5,1,1,1,5,1,1,2,Optimal/Non-Expert
264,8,1,5,9,1,1,4.5,7,1,1,2,Optimal/Non-Expert
265,1,1,8,8,1,2,1,8,1.5,1,2,Optimal/Non-Expert
266,1,1,9,9,1,1,1,9,1,1,2,Optimal/Non-Expert
267,1,1,9,9,1,1,1,9,1,1,2,Optimal/Non-Expert
268,2,2.5,9,9,1,1.5,2.25,9,1.25,1,2,Optimal/Non-Expert
269,1,1,6,2,1,1,1,4,1,1,2,Optimal/Non-Expert
270,1,1,1,9,1,1,1,5,1,1,2,Optimal/Non-Expert
271,5.5,3,5,7,6,1.5,4.25,6,3.75,1,2,Optimal/Non-Expert
272,1,1.5,8,8,1.5,1.5,1.25,8,1.5,1,2,Optimal/Non-Expert
273,3,1.5,4,5,1,1,2.25,4.5,1,1,2,Optimal/Non-Expert
274,1,2,9,9,1,1,1.5,9,1,1,2,Optimal/Non-Expert
275,1,1.5,9,9,1,1,1.25,9,1,1,2,Optimal/Non-Expert
276,5,5.5,5,5,5.5,5,5.25,5,5.25,1,2,Optimal/Non-Expert
277,1,1,9,9,1,1,1,9,1,1,2,Optimal/Non-Expert
278,1,1,9,9,1,1,1,9,1,1,2,Optimal/Non-Expert
279,2.5,2.5,7,6,2,2.5,2.5,6.5,2.25,1,2,Optimal/Non-Expert
280,8,3.5,9,9,2,3,5.75,9,2.5,1,2,Optimal/Non-Expert
281,3.5,1,6,7,2.5,1,2.25,6.5,1.75,1,2,Optimal/Non-Expert
282,1,1,9,9,1,1,1,9,1,1,2,Optimal/Non-Expert
283,7,7,6,7,7.5,6.5,7,6.5,7,1,2,Optimal/Non-Expert
284,1,2.5,8,9,1,2.5,1.75,8.5,1.75,1,2,Optimal/Non-Expert
285,3.5,1.5,4,6,5.5,3,2.5,5,4.25,1,2,Optimal/Non-Expert
286,1,1.5,5,5,1,1,1.25,5,1,1,2,Optimal/Non-Expert
287,3.5,3.5,9,9,1,1,3.5,9,1,1,2,Optimal/Non-Expert
288,1,1,9,9,1,1,1,9,1,1,2,Optimal/Non-Expert
289,1.5,2.5,8,7,1,1,2,7.5,1,1,2,Optimal/Non-Expert
290,3,1,9,9,1,1,2,9,1,1,2,Optimal/Non-Expert
291,2.5,2,8,8,1,1,2.25,8,1,1,2,Optimal/Non-Expert
292,2,2,4,3,2,2,2,3.5,2,1,2,Optimal/Non-Expert
293,1,1,9,9,1,1,1,9,1,1,2,Optimal/Non-Expert
294,1,1,9,9,1,1,1,9,1,1,2,Optimal/Non-Expert
295,4,2,7,8,1,1,3,7.5,1,1,2,Optimal/Non-Expert
296,1,1,9,8,1,1,1,8.5,1,1,2,Optimal/Non-Expert
297,3,3,7,7,1,1.5,3,7,1.25,1,2,Optimal/Non-Expert
298,1,1,6,7,1,1,1,6.5,1,1,2,Optimal/Non-Expert
299,1,1,9,9,1,1,1,9,1,1,2,Optimal/Non-Expert
300,1.5,2,6,8,1,1,1.75,7,1,1,2,Optimal/Non-Expert
301,2.5,3,6,5,4,4,2.75,5.5,4,1,2,Optimal/Non-Expert
302,1,1,6,7,1,1,1,6.5,1,1,2,Optimal/Non-Expert
303,2,4,7,6,2,3,3,6.5,2.5,1,2,Optimal/Non-Expert
304,1.5,2,7,7,1,2,1.75,7,1.5,1,2,Optimal/Non-Expert
305,1,1,9,9,1,1,1,9,1,1,2,Optimal/Non-Expert
306,1,5,3,3,1,7,3,3,4,1,2,Optimal/Non-Expert
307,1,1,7,8,1,1,1,7.5,1,1,2,Optimal/Non-Expert
308,1,1,8,9,2,1.5,1,8.5,1.75,1,2,Optimal/Non-Expert
309,1,3,9,9,1,2,2,9,1.5,1,2,Optimal/Non-Expert
310,1.5,3,9,9,1,1,2.25,9,1,1,2,Optimal/Non-Expert
311,1.5,2,8,8,2,2,1.75,8,2,1,2,Optimal/Non-Expert
312,1.5,1.5,5,6,1,1,1.5,5.5,1,1,2,Optimal/Non-Expert
313,1,1,9,9,1,1,1,9,1,1,2,Optimal/Non-Expert
314,1.5,1.5,9,9,1,1,1.5,9,1,1,2,Optimal/Non-Expert
315,1,3.5,9,5,1,2,2.25,7,1.5,1,2,Optimal/Non-Expert
316,2,3,6,5,3,2.5,2.5,5.5,2.75,1,2,Optimal/Non-Expert
317,3,1,8,9,1,1,2,8.5,1,1,2,Optimal/Non-Expert
318,1,1,9,9,1,1,1,9,1,1,2,Optimal/Non-Expert
319,8,7,4,6,4,5,7.5,5,4.5,1,2,Optimal/Non-Expert
320,1,1,9,9,1,1,1,9,1,1,2,Optimal/Non-Expert
321,2,1,9,9,1,1,1.5,9,1,1,2,Optimal/Non-Expert
322,2,1.5,5,7,1.5,1,1.75,6,1.25,1,2,Optimal/Non-Expert
323,4,1.5,9,8,1,1,2.75,8.5,1,1,2,Optimal/Non-Expert
324,2.5,1,7,9,1,1,1.75,8,1,1,2,Optimal/Non-Expert
325,2.5,3,8,9,1.5,2,2.75,8.5,1.75,1,2,Optimal/Non-Expert
326,1,3,9,9,1,1,2,9,1,1,2,Optimal/Non-Expert
327,1,1,8,8,1,1,1,8,1,1,2,Optimal/Non-Expert
328,2,1.5,8,9,1,1,1.75,8.5,1,1,2,Optimal/Non-Expert
329,1,4,9,7,2,3.5,2.5,8,2.75,1,2,Optimal/Non-Expert
330,1,2,9,9,1,1.5,1.5,9,1.25,1,2,Optimal/Non-Expert
331,1,1.5,5,5,1,1,1.25,5,1,1,2,Optimal/Non-Expert
332,2,4,9,8,1,2,3,8.5,1.5,1,2,Optimal/Non-Expert
333,1.5,1,7,8,1,1,1.25,7.5,1,1,2,Optimal/Non-Expert
334,1,1,9,9,1,1,1,9,1,1,2,Optimal/Non-Expert
335,1.5,1,6,6,1.5,1.5,1.25,6,1.5,1,2,Optimal/Non-Expert
336,1,1,8,8,1,1,1,8,1,1,2,Optimal/Non-Expert
337,3,4.5,7,7,1,1,3.75,7,1,1,2,Optimal/Non-Expert
338,2,2.5,8,8,2,3,2.25,8,2.5,1,2,Optimal/Non-Expert
339,1,1,9,9,1,1,1,9,1,1,2,Optimal/Non-Expert
340,1,1,9,9,1,1,1,9,1,1,2,Optimal/Non-Expert
341,1,1,9,9,1,1,1,9,1,1,2,Optimal/Non-Expert
342,1.5,2,9,8,1.5,1.5,1.75,8.5,1.5,1,2,Optimal/Non-Expert
343,1,1,9,9,1,1,1,9,1,1,2,Optimal/Non-Expert
344,1,1,8,8,1,1,1,8,1,1,2,Optimal/Non-Expert
345,1,1.5,9,9,1,1,1.25,9,1,1,2,Optimal/Non-Expert
346,1.5,1.5,7,7,1.5,1.5,1.5,7,1.5,1,2,Optimal/Non-Expert
347,3,5,4,4,1,1,4,4,1,1,2,Optimal/Non-Expert
348,1,1,9,5,1,1,1,7,1,1,2,Optimal/Non-Expert
349,1,1,9,9,1,1,1,9,1,1,2,Optimal/Non-Expert
350,1.5,1.5,8,8,1.5,2,1.5,8,1.75,1,2,Optimal/Non-Expert
351,1.5,1.5,5,6,1,2,1.5,5.5,1.5,1,2,Optimal/Non-Expert
352,2,2,8,8,1.5,2,2,8,1.75,1,2,Optimal/Non-Expert
353,1,5,9,5,1,3,3,7,2,1,2,Optimal/Non-Expert
354,1,1,9,9,1,1,1,9,1,1,2,Optimal/Non-Expert
355,2.5,1,8,9,1,1,1.75,8.5,1,1,2,Optimal/Non-Expert
356,1,1,9,9,1,1,1,9,1,1,2,Optimal/Non-Expert
357,2,1.5,8,8,1,1,1.75,8,1,1,2,Optimal/Non-Expert
358,5,1,5,8,3.5,1.5,3,6.5,2.5,1,2,Optimal/Non-Expert
359,1,1,9,9,1,1,1,9,1,1,2,Optimal/Non-Expert
360,1.5,1.5,8,8,1.5,1.5,1.5,8,1.5,1,2,Optimal/Non-Expert
361,1.5,4.5,9,6,1.5,4.5,3,7.5,3,1,2,Optimal/Non-Expert
362,1.5,1,8,7,1,1,1.25,7.5,1,1,2,Optimal/Non-Expert
363,1,1,8,8,1,1,1,8,1,1,2,Optimal/Non-Expert
364,1,1,9,9,1,1,1,9,1,1,2,Optimal/Non-Expert
365,1,4,9,9,1,2,2.5,9,1.5,1,2,Optimal/Non-Expert
366,6.5,3.5,6,3,3.5,3,5,4.5,3.25,1,2,Optimal/Non-Expert
367,1,1,8,8,1,1,1,8,1,1,2,Optimal/Non-Expert
368,1,1,9,9,1,1,1,9,1,1,2,Optimal/Non-Expert
369,1,1,9,7,1,1,1,8,1,1,2,Optimal/Non-Expert
370,1,1,8,7,1,1,1,7.5,1,1,2,Optimal/Non-Expert
371,2,2,9,9,1,1,2,9,1,1,2,Optimal/Non-Expert
372,1,1,9,9,1,1,1,9,1,1,2,Optimal/Non-Expert
373,1,1,9,7,1,2,1,8,1.5,1,2,Optimal/Non-Expert
374,1,1,9,9,1,1,1,9,1,1,2,Optimal/Non-Expert
375,1,1.5,9,8,1,1,1.25,8.5,1,1,2,Optimal/Non-Expert
376,1.5,1,9,9,1,1,1.25,9,1,1,2,Optimal/Non-Expert
377,1,1,9,9,1,1,1,9,1,1,2,Optimal/Non-Expert
378,1,2,9,9,1.5,2,1.5,9,1.75,1,2,Optimal/Non-Expert
379,1,1,9,9,1,1,1,9,1,1,2,Optimal/Non-Expert
380,2.5,2,3,5,3,2,2.25,4,2.5,1,2,Optimal/Non-Expert
381,1.5,1.5,6,7,1,1,1.5,6.5,1,1,2,Optimal/Non-Expert
382,2,3.5,6,6,3,3.5,2.75,6,3.25,1,2,Optimal/Non-Expert
383,4.5,5,6,6,5.5,4.5,4.75,6,5,1,2,Optimal/Non-Expert
384,3.5,2.5,5,6,3,1.5,3,5.5,2.25,1,2,Optimal/Non-Expert
385,1,1,9,9,1,1,1,9,1,1,2,Optimal/Non-Expert
386,3.5,4.5,7,5,4,3,4,6,3.5,1,2,Optimal/Non-Expert
387,1,3.5,9,8,1,1,2.25,8.5,1,1,2,Optimal/Non-Expert
388,1,3,9,9,1,1,2,9,1,1,2,Optimal/Non-Expert
389,2.5,2,9,9,2,2.5,2.25,9,2.25,1,2,Optimal/Non-Expert
390,1,1,9,9,1,1,1,9,1,1,2,Optimal/Non-Expert
391,1.5,2,9,9,1.5,1.5,1.75,9,1.5,1,2,Optimal/Non-Expert
392,1,1,9,8,1,1,1,8.5,1,1,2,Optimal/Non-Expert
393,1,1,5,5,1,1,1,5,1,1,2,Optimal/Non-Expert
394,1,1,3,3,1,1,1,3,1,1,2,Optimal/Non-Expert
395,1,1,9,9,1,1,1,9,1,1,2,Optimal/Non-Expert
396,2.5,2,8,8,2,2,2.25,8,2,1,2,Optimal/Non-Expert
397,1,1,7,9,1,1,1,8,1,1,2,Optimal/Non-Expert
398,1,1,5,5,1,1,1,5,1,1,2,Optimal/Non-Expert
399,1.5,1,5,5,3,1.5,1.25,5,2.25,1,2,Optimal/Non-Expert
400,1,1,9,9,1,1,1,9,1,1,2,Optimal/Non-Expert
401,1,1,5,5,1,1,1,5,1,1,2,Optimal/Non-Expert
402,2.5,2.5,9,8,2,3,2.5,8.5,2.5,1,2,Optimal/Non-Expert
403,4,3,6,6,2.5,2.5,3.5,6,2.5,1,2,Optimal/Non-Expert
404,1,2,6,7,1,1,1.5,6.5,1,1,2,Optimal/Non-Expert
405,1.5,1,9,9,1,1,1.25,9,1,1,2,Optimal/Non-Expert
406,3.5,2.5,7,8,3,3,3,7.5,3,1,2,Optimal/Non-Expert
407,1.5,1,9,7,1,2,1.25,8,1.5,1,2,Optimal/Non-Expert
408,1,1,5,5,1,1,1,5,1,1,2,Optimal/Non-Expert
409,3.5,5,7,6,3,3,4.25,6.5,3,1,2,Optimal/Non-Expert
410,1,1,9,9,2,2,1,9,2,1,2,Optimal/Non-Expert
411,3,3,9,9,1,1,3,9,1,1,2,Optimal/Non-Expert
412,1,#NULL!,6,#NULL!,1,#NULL!,#NULL!,#NULL!,#NULL!,1,2,Optimal/Non-Expert
413,1,#NULL!,9,#NULL!,2,#NULL!,#NULL!,#NULL!,#NULL!,1,2,Optimal/Non-Expert
414,1,#NULL!,9,#NULL!,1,#NULL!,#NULL!,#NULL!,#NULL!,1,2,Optimal/Non-Expert
415,5,#NULL!,7,#NULL!,4,#NULL!,#NULL!,#NULL!,#NULL!,1,2,Optimal/Non-Expert
416,8,#NULL!,9,#NULL!,6,#NULL!,#NULL!,#NULL!,#NULL!,1,2,Optimal/Non-Expert
417,4,#NULL!,8,#NULL!,2,#NULL!,#NULL!,#NULL!,#NULL!,1,2,Optimal/Non-Expert
418,8,#NULL!,6,#NULL!,5.5,#NULL!,#NULL!,#NULL!,#NULL!,1,2,Optimal/Non-Expert
419,3,#NULL!,6,#NULL!,2.5,#NULL!,#NULL!,#NULL!,#NULL!,1,2,Optimal/Non-Expert
420,6,#NULL!,9,#NULL!,1,#NULL!,#NULL!,#NULL!,#NULL!,1,2,Optimal/Non-Expert
421,1.5,#NULL!,9,#NULL!,2.5,#NULL!,#NULL!,#NULL!,#NULL!,1,2,Optimal/Non-Expert
422,6,#NULL!,6,#NULL!,5,#NULL!,#NULL!,#NULL!,#NULL!,1,2,Optimal/Non-Expert
423,1.5,#NULL!,9,#NULL!,1,#NULL!,#NULL!,#NULL!,#NULL!,1,2,Optimal/Non-Expert
424,1.5,#NULL!,8,#NULL!,1,#NULL!,#NULL!,#NULL!,#NULL!,1,2,Optimal/Non-Expert
425,1,#NULL!,5,#NULL!,3.5,#NULL!,#NULL!,#NULL!,#NULL!,1,2,Optimal/Non-Expert
426,5,#NULL!,8,#NULL!,7,#NULL!,#NULL!,#NULL!,#NULL!,1,2,Optimal/Non-Expert
427,1,#NULL!,8,#NULL!,1,#NULL!,#NULL!,#NULL!,#NULL!,1,2,Optimal/Non-Expert
428,5,#NULL!,6,#NULL!,5,#NULL!,#NULL!,#NULL!,#NULL!,1,2,Optimal/Non-Expert
429,1,#NULL!,9,#NULL!,1,#NULL!,#NULL!,#NULL!,#NULL!,1,2,Optimal/Non-Expert
430,6.5,#NULL!,6,#NULL!,5.5,#NULL!,#NULL!,#NULL!,#NULL!,1,2,Optimal/Non-Expert
431,1,#NULL!,1,#NULL!,1,#NULL!,#NULL!,#NULL!,#NULL!,1,2,Optimal/Non-Expert
432,5.5,#NULL!,6,#NULL!,5,#NULL!,#NULL!,#NULL!,#NULL!,1,2,Optimal/Non-Expert
433,2.5,#NULL!,7,#NULL!,1,#NULL!,#NULL!,#NULL!,#NULL!,1,2,Optimal/Non-Expert
434,2,#NULL!,5,#NULL!,5.5,#NULL!,#NULL!,#NULL!,#NULL!,1,2,Optimal/Non-Expert
435,#NULL!,1,#NULL!,7,#NULL!,1,#NULL!,#NULL!,#NULL!,1,2,Optimal/Non-Expert
436,#NULL!,1,#NULL!,9,#NULL!,1,#NULL!,#NULL!,#NULL!,1,2,Optimal/Non-Expert
437,#NULL!,2.5,#NULL!,9,#NULL!,2,#NULL!,#NULL!,#NULL!,1,2,Optimal/Non-Expert
438,#NULL!,2,#NULL!,5,#NULL!,3.5,#NULL!,#NULL!,#NULL!,1,2,Optimal/Non-Expert
439,#NULL!,1.5,#NULL!,4,#NULL!,2,#NULL!,#NULL!,#NULL!,1,2,Optimal/Non-Expert
440,#NULL!,1,#NULL!,9,#NULL!,1,#NULL!,#NULL!,#NULL!,1,2,Optimal/Non-Expert
441,#NULL!,1,#NULL!,9,#NULL!,1,#NULL!,#NULL!,#NULL!,1,2,Optimal/Non-Expert
442,#NULL!,1,#NULL!,9,#NULL!,1,#NULL!,#NULL!,#NULL!,1,2,Optimal/Non-Expert
443,#NULL!,3,#NULL!,7,#NULL!,2,#NULL!,#NULL!,#NULL!,1,2,Optimal/Non-Expert
444,#NULL!,9,#NULL!,8,#NULL!,1.5,#NULL!,#NULL!,#NULL!,1,2,Optimal/Non-Expert
445,#NULL!,2,#NULL!,9,#NULL!,1.5,#NULL!,#NULL!,#NULL!,1,2,Optimal/Non-Expert
446,#NULL!,3,#NULL!,4,#NULL!,1.5,#NULL!,#NULL!,#NULL!,1,2,Optimal/Non-Expert
447,#NULL!,1,#NULL!,9,#NULL!,1,#NULL!,#NULL!,#NULL!,1,2,Optimal/Non-Expert
448,#NULL!,1,#NULL!,9,#NULL!,1,#NULL!,#NULL!,#NULL!,1,2,Optimal/Non-Expert
449,#NULL!,6.5,#NULL!,7,#NULL!,7,#NULL!,#NULL!,#NULL!,1,2,Optimal/Non-Expert
450,#NULL!,2,#NULL!,7,#NULL!,1,#NULL!,#NULL!,#NULL!,1,2,Optimal/Non-Expert
451,#NULL!,1,#NULL!,9,#NULL!,1,#NULL!,#NULL!,#NULL!,1,2,Optimal/Non-Expert
452,#NULL!,1,#NULL!,9,#NULL!,1,#NULL!,#NULL!,#NULL!,1,2,Optimal/Non-Expert
453,#NULL!,9,#NULL!,8,#NULL!,5,#NULL!,#NULL!,#NULL!,1,2,Optimal/Non-Expert
454,#NULL!,1,#NULL!,9,#NULL!,1,#NULL!,#NULL!,#NULL!,1,2,Optimal/Non-Expert
455,#NULL!,3.5,#NULL!,3,#NULL!,3,#NULL!,#NULL!,#NULL!,1,2,Optimal/Non-Expert
456,#NULL!,1,#NULL!,5,#NULL!,1,#NULL!,#NULL!,#NULL!,1,2,Optimal/Non-Expert
457,#NULL!,4,#NULL!,7,#NULL!,2,#NULL!,#NULL!,#NULL!,1,2,Optimal/Non-Expert
458,#NULL!,3.5,#NULL!,3,#NULL!,3,#NULL!,#NULL!,#NULL!,1,2,Optimal/Non-Expert
459,#NULL!,1,#NULL!,9,#NULL!,1,#NULL!,#NULL!,#NULL!,1,2,Optimal/Non-Expert
460,#NULL!,5,#NULL!,5,#NULL!,4,#NULL!,#NULL!,#NULL!,1,2,Optimal/Non-Expert
461,#NULL!,1,#NULL!,9,#NULL!,1,#NULL!,#NULL!,#NULL!,1,2,Optimal/Non-Expert
462,#NULL!,3,#NULL!,8,#NULL!,1.5,#NULL!,#NULL!,#NULL!,1,2,Optimal/Non-Expert
463,#NULL!,#NULL!,#NULL!,#NULL!,#NULL!,#NULL!,#NULL!,#NULL!,#NULL!,1,2,Optimal/Non-Expert
464,#NULL!,#NULL!,#NULL!,#NULL!,#NULL!,#NULL!,#NULL!,#NULL!,#NULL!,1,2,Optimal/Non-Expert
465,#NULL!,#NULL!,#NULL!,#NULL!,#NULL!,#NULL!,#NULL!,#NULL!,#NULL!,1,2,Optimal/Non-Expert
466,#NULL!,#NULL!,#NULL!,#NULL!,#NULL!,#NULL!,#NULL!,#NULL!,#NULL!,1,2,Optimal/Non-Expert
467,#NULL!,#NULL!,#NULL!,#NULL!,#NULL!,#NULL!,#NULL!,#NULL!,#NULL!,1,2,Optimal/Non-Expert
468,#NULL!,#NULL!,#NULL!,#NULL!,#NULL!,#NULL!,#NULL!,#NULL!,#NULL!,1,2,Optimal/Non-Expert
469,#NULL!,#NULL!,#NULL!,#NULL!,#NULL!,#NULL!,#NULL!,#NULL!,#NULL!,1,2,Optimal/Non-Expert
470,#NULL!,#NULL!,#NULL!,#NULL!,#NULL!,#NULL!,#NULL!,#NULL!,#NULL!,1,2,Optimal/Non-Expert
471,#NULL!,#NULL!,#NULL!,#NULL!,#NULL!,#NULL!,#NULL!,#NULL!,#NULL!,1,2,Optimal/Non-Expert
472,#NULL!,#NULL!,#NULL!,#NULL!,#NULL!,#NULL!,#NULL!,#NULL!,#NULL!,1,2,Optimal/Non-Expert
473,#NULL!,#NULL!,#NULL!,#NULL!,#NULL!,#NULL!,#NULL!,#NULL!,#NULL!,1,2,Optimal/Non-Expert
474,#NULL!,#NULL!,#NULL!,#NULL!,#NULL!,#NULL!,#NULL!,#NULL!,#NULL!,1,2,Optimal/Non-Expert
475,#NULL!,#NULL!,#NULL!,#NULL!,#NULL!,#NULL!,#NULL!,#NULL!,#NULL!,1,2,Optimal/Non-Expert
476,#NULL!,#NULL!,#NULL!,#NULL!,#NULL!,#NULL!,#NULL!,#NULL!,#NULL!,1,2,Optimal/Non-Expert
477,#NULL!,#NULL!,#NULL!,#NULL!,#NULL!,#NULL!,#NULL!,#NULL!,#NULL!,1,2,Optimal/Non-Expert
478,#NULL!,#NULL!,#NULL!,#NULL!,#NULL!,#NULL!,#NULL!,#NULL!,#NULL!,1,2,Optimal/Non-Expert
479,#NULL!,#NULL!,#NULL!,#NULL!,#NULL!,#NULL!,#NULL!,#NULL!,#NULL!,1,2,Optimal/Non-Expert
480,#NULL!,#NULL!,#NULL!,#NULL!,#NULL!,#NULL!,#NULL!,#NULL!,#NULL!,1,2,Optimal/Non-Expert
481,#NULL!,#NULL!,#NULL!,#NULL!,#NULL!,#NULL!,#NULL!,#NULL!,#NULL!,1,2,Optimal/Non-Expert
482,#NULL!,#NULL!,#NULL!,#NULL!,#NULL!,#NULL!,#NULL!,#NULL!,#NULL!,1,2,Optimal/Non-Expert
483,#NULL!,#NULL!,#NULL!,#NULL!,#NULL!,#NULL!,#NULL!,#NULL!,#NULL!,1,2,Optimal/Non-Expert
484,#NULL!,#NULL!,#NULL!,#NULL!,#NULL!,#NULL!,#NULL!,#NULL!,#NULL!,1,2,Optimal/Non-Expert
485,#NULL!,#NULL!,#NULL!,#NULL!,#NULL!,#NULL!,#NULL!,#NULL!,#NULL!,1,2,Optimal/Non-Expert
486,#NULL!,#NULL!,#NULL!,#NULL!,#NULL!,#NULL!,#NULL!,#NULL!,#NULL!,1,2,Optimal/Non-Expert
487,#NULL!,#NULL!,#NULL!,#NULL!,#NULL!,#NULL!,#NULL!,#NULL!,#NULL!,1,2,Optimal/Non-Expert
488,#NULL!,#NULL!,#NULL!,#NULL!,#NULL!,#NULL!,#NULL!,#NULL!,#NULL!,1,2,Optimal/Non-Expert
489,#NULL!,#NULL!,#NULL!,#NULL!,#NULL!,#NULL!,#NULL!,#NULL!,#NULL!,1,2,Optimal/Non-Expert
490,#NULL!,#NULL!,#NULL!,#NULL!,#NULL!,#NULL!,#NULL!,#NULL!,#NULL!,1,2,Optimal/Non-Expert
491,#NULL!,#NULL!,#NULL!,#NULL!,#NULL!,#NULL!,#NULL!,#NULL!,#NULL!,1,2,Optimal/Non-Expert
492,#NULL!,#NULL!,#NULL!,#NULL!,#NULL!,#NULL!,#NULL!,#NULL!,#NULL!,1,2,Optimal/Non-Expert
493,#NULL!,#NULL!,#NULL!,#NULL!,#NULL!,#NULL!,#NULL!,#NULL!,#NULL!,1,2,Optimal/Non-Expert
494,#NULL!,#NULL!,#NULL!,#NULL!,#NULL!,#NULL!,#NULL!,#NULL!,#NULL!,1,2,Optimal/Non-Expert
495,#NULL!,#NULL!,#NULL!,#NULL!,#NULL!,#NULL!,#NULL!,#NULL!,#NULL!,1,2,Optimal/Non-Expert
496,#NULL!,#NULL!,#NULL!,#NULL!,#NULL!,#NULL!,#NULL!,#NULL!,#NULL!,1,2,Optimal/Non-Expert
497,#NULL!,#NULL!,#NULL!,#NULL!,#NULL!,#NULL!,#NULL!,#NULL!,#NULL!,1,2,Optimal/Non-Expert
498,#NULL!,#NULL!,#NULL!,#NULL!,#NULL!,#NULL!,#NULL!,#NULL!,#NULL!,1,2,Optimal/Non-Expert
499,#NULL!,#NULL!,#NULL!,#NULL!,#NULL!,#NULL!,#NULL!,#NULL!,#NULL!,1,2,Optimal/Non-Expert
500,#NULL!,#NULL!,#NULL!,#NULL!,#NULL!,#NULL!,#NULL!,#NULL!,#NULL!,1,2,Optimal/Non-Expert
501,1,1,8,9,1,1,1,8.5,1,2,1,Suboptimal/Expert
502,3,2,5,6,2,2,2.5,5.5,2,2,1,Suboptimal/Expert
503,3.5,3.5,8,8,2,2,3.5,8,2,2,1,Suboptimal/Expert
504,2.5,2.5,9,9,1,1,2.5,9,1,2,1,Suboptimal/Expert
505,6,6,8,5,7,6,6,6.5,6.5,2,1,Suboptimal/Expert
506,1,1,9,9,1,1,1,9,1,2,1,Suboptimal/Expert
507,1,1,9,9,1,1,1,9,1,2,1,Suboptimal/Expert
508,8,8.5,8,8,6,7,8.25,8,6.5,2,1,Suboptimal/Expert
509,2,1.5,8,9,1.5,1.5,1.75,8.5,1.5,2,1,Suboptimal/Expert
510,1.5,1,9,9,1,1,1.25,9,1,2,1,Suboptimal/Expert
511,1,1,8,8,2,1.5,1,8,1.75,2,1,Suboptimal/Expert
512,5,5.5,7,7,1,1,5.25,7,1,2,1,Suboptimal/Expert
513,3,2,5,5,2.5,3,2.5,5,2.75,2,1,Suboptimal/Expert
514,4,2,9,9,1.5,2,3,9,1.75,2,1,Suboptimal/Expert
515,1,1,8,9,1,1,1,8.5,1,2,1,Suboptimal/Expert
516,2.5,2,7,7,1.5,1.5,2.25,7,1.5,2,1,Suboptimal/Expert
517,1,3,8,5,1,4,2,6.5,2.5,2,1,Suboptimal/Expert
518,3,1,7,7,4.5,3,2,7,3.75,2,1,Suboptimal/Expert
519,1,1,8,9,1,1,1,8.5,1,2,1,Suboptimal/Expert
520,1.5,1,9,9,1,1,1.25,9,1,2,1,Suboptimal/Expert
521,4,3,9,9,1,1,3.5,9,1,2,1,Suboptimal/Expert
522,1,1,9,9,1,1,1,9,1,2,1,Suboptimal/Expert
523,8.5,8,8,5,8,5,8.25,6.5,6.5,2,1,Suboptimal/Expert
524,4,4,9,9,3,4,4,9,3.5,2,1,Suboptimal/Expert
525,1.5,2.5,8,8,1,1,2,8,1,2,1,Suboptimal/Expert
526,1,1,8,8,1,1,1,8,1,2,1,Suboptimal/Expert
527,1,1.5,8,8,1,1,1.25,8,1,2,1,Suboptimal/Expert
528,1.5,1,9,9,1,1,1.25,9,1,2,1,Suboptimal/Expert
529,1.5,1,9,9,1,1,1.25,9,1,2,1,Suboptimal/Expert
530,2,2,7,7,5,5,2,7,5,2,1,Suboptimal/Expert
531,1,1,9,9,1,1,1,9,1,2,1,Suboptimal/Expert
532,5.5,5,5,5,7,7,5.25,5,7,2,1,Suboptimal/Expert
533,3,3.5,8,8,2,2.5,3.25,8,2.25,2,1,Suboptimal/Expert
534,1,2,9,5,1,1,1.5,7,1,2,1,Suboptimal/Expert
535,1,2,5,5,1.5,2,1.5,5,1.75,2,1,Suboptimal/Expert
536,1,1,9,9,1,1,1,9,1,2,1,Suboptimal/Expert
537,5.5,3,5,5,3,3,4.25,5,3,2,1,Suboptimal/Expert
538,1,1,5,5,1,1,1,5,1,2,1,Suboptimal/Expert
539,1,1,9,9,1,1,1,9,1,2,1,Suboptimal/Expert
540,1,3.5,9,7,1,3,2.25,8,2,2,1,Suboptimal/Expert
541,1,2,9,8,1.5,2,1.5,8.5,1.75,2,1,Suboptimal/Expert
542,3,7,1,1,1,3,5,1,2,2,1,Suboptimal/Expert
543,5,4,8,6,2.5,5,4.5,7,3.75,2,1,Suboptimal/Expert
544,1,1,9,9,1,1,1,9,1,2,1,Suboptimal/Expert
545,1,1,9,7,1,1,1,8,1,2,1,Suboptimal/Expert
546,1,1,9,9,1,1,1,9,1,2,1,Suboptimal/Expert
547,2,1.5,8,9,2,2,1.75,8.5,2,2,1,Suboptimal/Expert
548,6,5,9,9,1,1,5.5,9,1,2,1,Suboptimal/Expert
549,2,1,5,9,2.5,1.5,1.5,7,2,2,1,Suboptimal/Expert
550,5.5,5,7,7,4.5,4,5.25,7,4.25,2,1,Suboptimal/Expert
551,3,1,9,9,1,1,2,9,1,2,1,Suboptimal/Expert
552,1,1,9,9,1,1,1,9,1,2,1,Suboptimal/Expert
553,1,1,8,8,5.5,7,1,8,6.25,2,1,Suboptimal/Expert
554,5.5,4,4,5,5,5,4.75,4.5,5,2,1,Suboptimal/Expert
555,5.5,5,5,5,1,2,5.25,5,1.5,2,1,Suboptimal/Expert
556,2.5,4,8,7,3,4,3.25,7.5,3.5,2,1,Suboptimal/Expert
557,1.5,2,6,6,2.5,2.5,1.75,6,2.5,2,1,Suboptimal/Expert
558,1.5,1,8,8,1,1,1.25,8,1,2,1,Suboptimal/Expert
559,1,4,8,8,3,3.5,2.5,8,3.25,2,1,Suboptimal/Expert
560,3.5,1,1,5,1.5,1,2.25,3,1.25,2,1,Suboptimal/Expert
561,4.5,2.5,7,8,3,2,3.5,7.5,2.5,2,1,Suboptimal/Expert
562,1,1,7,7,1,1,1,7,1,2,1,Suboptimal/Expert
563,8,9,3,1,6.5,8.5,8.5,2,7.5,2,1,Suboptimal/Expert
564,7,9,8,5,5,4.5,8,6.5,4.75,2,1,Suboptimal/Expert
565,5,5,5,6,3,2.5,5,5.5,2.75,2,1,Suboptimal/Expert
566,1,1,9,9,1,1,1,9,1,2,1,Suboptimal/Expert
567,9,8,1,3,6,4.5,8.5,2,5.25,2,1,Suboptimal/Expert
568,2,2,9,9,2,2,2,9,2,2,1,Suboptimal/Expert
569,2,1,8,9,1,1,1.5,8.5,1,2,1,Suboptimal/Expert
570,1,1,9,9,1,1,1,9,1,2,1,Suboptimal/Expert
571,1,1,9,9,1,1,1,9,1,2,1,Suboptimal/Expert
572,2,5.5,8,7,1,1,3.75,7.5,1,2,1,Suboptimal/Expert
573,3,3.5,7,8,2.5,3.5,3.25,7.5,3,2,1,Suboptimal/Expert
574,1.5,1.5,8,8,1.5,1,1.5,8,1.25,2,1,Suboptimal/Expert
575,2,2,8,9,1.5,1,2,8.5,1.25,2,1,Suboptimal/Expert
576,5.5,5.5,8,7,6,6,5.5,7.5,6,2,1,Suboptimal/Expert
577,7,8,8,8,4,5,7.5,8,4.5,2,1,Suboptimal/Expert
578,1,4.5,9,9,1,1.5,2.75,9,1.25,2,1,Suboptimal/Expert
579,1.5,1,9,9,1,1,1.25,9,1,2,1,Suboptimal/Expert
580,1,1,8,8,1,1,1,8,1,2,1,Suboptimal/Expert
581,6.5,4,7,9,5,3,5.25,8,4,2,1,Suboptimal/Expert
582,4.5,3,8,9,4.5,2.5,3.75,8.5,3.5,2,1,Suboptimal/Expert
583,2.5,2.5,9,9,2,1,2.5,9,1.5,2,1,Suboptimal/Expert
584,5,5,9,9,2,2,5,9,2,2,1,Suboptimal/Expert
585,6.5,6,4,4,4,5,6.25,4,4.5,2,1,Suboptimal/Expert
586,1,2.5,5,5,1,1,1.75,5,1,2,1,Suboptimal/Expert
587,1,1,9,9,1,1,1,9,1,2,1,Suboptimal/Expert
588,1,1,5,5,1,1,1,5,1,2,1,Suboptimal/Expert
589,1,1,9,9,1,1,1,9,1,2,1,Suboptimal/Expert
590,1,1,5,5,1,1,1,5,1,2,1,Suboptimal/Expert
591,2,1.5,9,9,1,1.5,1.75,9,1.25,2,1,Suboptimal/Expert
592,2,2,5,5,2,1,2,5,1.5,2,1,Suboptimal/Expert
593,1,1,9,9,1,1,1,9,1,2,1,Suboptimal/Expert
594,4.5,3,9,9,1.5,1,3.75,9,1.25,2,1,Suboptimal/Expert
595,1,1,9,9,1,1,1,9,1,2,1,Suboptimal/Expert
596,2,2,9,8,2,2,2,8.5,2,2,1,Suboptimal/Expert
597,1.5,1.5,7,9,1.5,2,1.5,8,1.75,2,1,Suboptimal/Expert
598,1.5,1,8,8,1,1,1.25,8,1,2,1,Suboptimal/Expert
599,9,9,1,1,9,9,9,1,9,2,1,Suboptimal/Expert
600,1,1,9,9,1,1,1,9,1,2,1,Suboptimal/Expert
601,2,1,5,5,1,1,1.5,5,1,2,1,Suboptimal/Expert
602,2,2,8,8,2,2,2,8,2,2,1,Suboptimal/Expert
603,2,1,7,7,1,1,1.5,7,1,2,1,Suboptimal/Expert
604,1,5.5,9,8,2,4.5,3.25,8.5,3.25,2,1,Suboptimal/Expert
605,3.5,3,4,5,3,3,3.25,4.5,3,2,1,Suboptimal/Expert
606,2,1,3,4,1,1,1.5,3.5,1,2,1,Suboptimal/Expert
607,4,6,9,8,4.5,5,5,8.5,4.75,2,1,Suboptimal/Expert
608,2,2,8,8,1,1,2,8,1,2,1,Suboptimal/Expert
609,1,4,5,3,1,1,2.5,4,1,2,1,Suboptimal/Expert
610,2,2,5,5,1,1,2,5,1,2,1,Suboptimal/Expert
611,7,8,5,4,5,7.5,7.5,4.5,6.25,2,1,Suboptimal/Expert
612,2,1.5,8,8,1,1,1.75,8,1,2,1,Suboptimal/Expert
613,3,6,7,5,2,5,4.5,6,3.5,2,1,Suboptimal/Expert
614,1.5,1.5,9,9,1,1,1.5,9,1,2,1,Suboptimal/Expert
615,5,4.5,7,8,3,1.5,4.75,7.5,2.25,2,1,Suboptimal/Expert
616,3.5,3.5,9,8,4,3.5,3.5,8.5,3.75,2,1,Suboptimal/Expert
617,2,2,7,5,3,3,2,6,3,2,1,Suboptimal/Expert
618,1,1,9,9,1,1,1,9,1,2,1,Suboptimal/Expert
619,1.5,2,8,9,2,2,1.75,8.5,2,2,1,Suboptimal/Expert
620,1,1,9,9,1,1,1,9,1,2,1,Suboptimal/Expert
621,1,1,8,8,1,1,1,8,1,2,1,Suboptimal/Expert
622,7,6,3,5,4.5,3.5,6.5,4,4,2,1,Suboptimal/Expert
623,1,1.5,6,7,1,1.5,1.25,6.5,1.25,2,1,Suboptimal/Expert
624,5,4,6,6,3.5,3.5,4.5,6,3.5,2,1,Suboptimal/Expert
625,1,1,9,9,1,1,1,9,1,2,1,Suboptimal/Expert
626,1,1,5,7,1,1,1,6,1,2,1,Suboptimal/Expert
627,1,8,5,5,1,3.5,4.5,5,2.25,2,1,Suboptimal/Expert
628,1,1,5,9,1,1,1,7,1,2,1,Suboptimal/Expert
629,1.5,4,9,9,1.5,1,2.75,9,1.25,2,1,Suboptimal/Expert
630,1,1,9,9,1,1,1,9,1,2,1,Suboptimal/Expert
631,2.5,2,8,8,2.5,2.5,2.25,8,2.5,2,1,Suboptimal/Expert
632,5,5,5,8,6.5,5.5,5,6.5,6,2,1,Suboptimal/Expert
633,3,1.5,8,6,2.5,1,2.25,7,1.75,2,1,Suboptimal/Expert
634,5.5,4.5,3,3,5.5,4.5,5,3,5,2,1,Suboptimal/Expert
635,3,2,8,8,1.5,1.5,2.5,8,1.5,2,1,Suboptimal/Expert
636,2.5,3,5,4,3,4.5,2.75,4.5,3.75,2,1,Suboptimal/Expert
637,1,1,9,9,1,1,1,9,1,2,1,Suboptimal/Expert
638,8,4,5,5,6,1.5,6,5,3.75,2,1,Suboptimal/Expert
639,2.5,2,6,7,2,1.5,2.25,6.5,1.75,2,1,Suboptimal/Expert
640,1,1,9,9,1.5,1.5,1,9,1.5,2,1,Suboptimal/Expert
641,1,1,3,2,1,1,1,2.5,1,2,1,Suboptimal/Expert
642,9,9,1,1,8,6,9,1,7,2,1,Suboptimal/Expert
643,4,6.5,7,7,2,3,5.25,7,2.5,2,1,Suboptimal/Expert
644,5.5,5.5,5,5,4,3,5.5,5,3.5,2,1,Suboptimal/Expert
645,3,1,4,2,1,1,2,3,1,2,1,Suboptimal/Expert
646,2,4,7,3,2,2,3,5,2,2,1,Suboptimal/Expert
647,4,5,8,6,1.5,1.5,4.5,7,1.5,2,1,Suboptimal/Expert
648,1,1,9,9,1,1,1,9,1,2,1,Suboptimal/Expert
649,3,1,9,9,1,1,2,9,1,2,1,Suboptimal/Expert
650,7.5,4.5,5,9,6.5,6,6,7,6.25,2,1,Suboptimal/Expert
651,2,2,8,8,2,2,2,8,2,2,1,Suboptimal/Expert
652,1,1,9,9,2,1.5,1,9,1.75,2,1,Suboptimal/Expert
653,4.5,5,5,6,2,2,4.75,5.5,2,2,1,Suboptimal/Expert
654,1.5,2,8,8,3,2,1.75,8,2.5,2,1,Suboptimal/Expert
655,1,1,9,9,1,1,1,9,1,2,1,Suboptimal/Expert
656,3.5,3,6,6,3,2,3.25,6,2.5,2,1,Suboptimal/Expert
657,5.5,4.5,7,7,2.5,3,5,7,2.75,2,1,Suboptimal/Expert
658,1.5,1.5,7,8,1,1,1.5,7.5,1,2,1,Suboptimal/Expert
659,2,4.5,9,8,1,1,3.25,8.5,1,2,1,Suboptimal/Expert
660,6.5,6,6,6,6.5,8,6.25,6,7.25,2,1,Suboptimal/Expert
661,1,1,8,8,1,1,1,8,1,2,1,Suboptimal/Expert
662,3,3,9,9,1,1,3,9,1,2,1,Suboptimal/Expert
663,4.5,2.5,7,5,1.5,1,3.5,6,1.25,2,1,Suboptimal/Expert
664,2.5,5.5,5,3,1,3.5,4,4,2.25,2,1,Suboptimal/Expert
665,4.5,3,7,8,1.5,1,3.75,7.5,1.25,2,1,Suboptimal/Expert
666,3,2.5,8,8,5,4.5,2.75,8,4.75,2,1,Suboptimal/Expert
667,1,1,8,7,1,1,1,7.5,1,2,1,Suboptimal/Expert
668,1.5,7,7,7,5.5,5,4.25,7,5.25,2,1,Suboptimal/Expert
669,6,7,8,8,6,4,6.5,8,5,2,1,Suboptimal/Expert
670,2,1.5,5,5,1,1,1.75,5,1,2,1,Suboptimal/Expert
671,1,1,9,9,1,1,1,9,1,2,1,Suboptimal/Expert
672,1,1,9,9,1,1,1,9,1,2,1,Suboptimal/Expert
673,5,7,6,2,2,2,6,4,2,2,1,Suboptimal/Expert
674,2,5,8,8,2,2,3.5,8,2,2,1,Suboptimal/Expert
675,3.5,4.5,3,4,2.5,1.5,4,3.5,2,2,1,Suboptimal/Expert
676,2.5,2,9,7,2,2,2.25,8,2,2,1,Suboptimal/Expert
677,1,1,9,4,1,1,1,6.5,1,2,1,Suboptimal/Expert
678,6,#NULL!,5,#NULL!,4.5,#NULL!,#NULL!,#NULL!,#NULL!,2,1,Suboptimal/Expert
679,1,#NULL!,9,#NULL!,1,#NULL!,#NULL!,#NULL!,#NULL!,2,1,Suboptimal/Expert
680,3.5,#NULL!,4,#NULL!,2,#NULL!,#NULL!,#NULL!,#NULL!,2,1,Suboptimal/Expert
681,6,#NULL!,5,#NULL!,7.5,#NULL!,#NULL!,#NULL!,#NULL!,2,1,Suboptimal/Expert
682,2.5,#NULL!,9,#NULL!,1,#NULL!,#NULL!,#NULL!,#NULL!,2,1,Suboptimal/Expert
683,6.5,#NULL!,6,#NULL!,6,#NULL!,#NULL!,#NULL!,#NULL!,2,1,Suboptimal/Expert
684,4,#NULL!,7,#NULL!,5,#NULL!,#NULL!,#NULL!,#NULL!,2,1,Suboptimal/Expert
685,7.5,#NULL!,8,#NULL!,7,#NULL!,#NULL!,#NULL!,#NULL!,2,1,Suboptimal/Expert
686,1.5,#NULL!,7,#NULL!,2,#NULL!,#NULL!,#NULL!,#NULL!,2,1,Suboptimal/Expert
687,1.5,#NULL!,7,#NULL!,1,#NULL!,#NULL!,#NULL!,#NULL!,2,1,Suboptimal/Expert
688,2,#NULL!,8,#NULL!,1,#NULL!,#NULL!,#NULL!,#NULL!,2,1,Suboptimal/Expert
689,4,#NULL!,7,#NULL!,2.5,#NULL!,#NULL!,#NULL!,#NULL!,2,1,Suboptimal/Expert
690,4.5,#NULL!,8,#NULL!,3,#NULL!,#NULL!,#NULL!,#NULL!,2,1,Suboptimal/Expert
691,1,#NULL!,9,#NULL!,1,#NULL!,#NULL!,#NULL!,#NULL!,2,1,Suboptimal/Expert
692,9,#NULL!,5,#NULL!,8,#NULL!,#NULL!,#NULL!,#NULL!,2,1,Suboptimal/Expert
693,1,#NULL!,9,#NULL!,1,#NULL!,#NULL!,#NULL!,#NULL!,2,1,Suboptimal/Expert
694,1,#NULL!,8,#NULL!,2,#NULL!,#NULL!,#NULL!,#NULL!,2,1,Suboptimal/Expert
695,1,#NULL!,9,#NULL!,1,#NULL!,#NULL!,#NULL!,#NULL!,2,1,Suboptimal/Expert
696,1,#NULL!,9,#NULL!,1,#NULL!,#NULL!,#NULL!,#NULL!,2,1,Suboptimal/Expert
697,4.5,#NULL!,6,#NULL!,4,#NULL!,#NULL!,#NULL!,#NULL!,2,1,Suboptimal/Expert
698,#NULL!,7,#NULL!,6,#NULL!,6,#NULL!,#NULL!,#NULL!,2,1,Suboptimal/Expert
699,#NULL!,1,#NULL!,9,#NULL!,1,#NULL!,#NULL!,#NULL!,2,1,Suboptimal/Expert
700,#NULL!,3,#NULL!,3,#NULL!,1,#NULL!,#NULL!,#NULL!,2,1,Suboptimal/Expert
701,#NULL!,2.5,#NULL!,5,#NULL!,2,#NULL!,#NULL!,#NULL!,2,1,Suboptimal/Expert
702,#NULL!,5.5,#NULL!,1,#NULL!,6.5,#NULL!,#NULL!,#NULL!,2,1,Suboptimal/Expert
703,#NULL!,8,#NULL!,2,#NULL!,5.5,#NULL!,#NULL!,#NULL!,2,1,Suboptimal/Expert
704,#NULL!,5.5,#NULL!,5,#NULL!,4,#NULL!,#NULL!,#NULL!,2,1,Suboptimal/Expert
705,#NULL!,4.5,#NULL!,1,#NULL!,1,#NULL!,#NULL!,#NULL!,2,1,Suboptimal/Expert
706,#NULL!,5,#NULL!,6,#NULL!,2.5,#NULL!,#NULL!,#NULL!,2,1,Suboptimal/Expert
707,#NULL!,1,#NULL!,9,#NULL!,1,#NULL!,#NULL!,#NULL!,2,1,Suboptimal/Expert
708,#NULL!,3.5,#NULL!,5,#NULL!,4,#NULL!,#NULL!,#NULL!,2,1,Suboptimal/Expert
709,#NULL!,4.5,#NULL!,5,#NULL!,3.5,#NULL!,#NULL!,#NULL!,2,1,Suboptimal/Expert
710,#NULL!,1,#NULL!,9,#NULL!,1,#NULL!,#NULL!,#NULL!,2,1,Suboptimal/Expert
711,#NULL!,1,#NULL!,5,#NULL!,1,#NULL!,#NULL!,#NULL!,2,1,Suboptimal/Expert
712,#NULL!,1,#NULL!,9,#NULL!,1,#NULL!,#NULL!,#NULL!,2,1,Suboptimal/Expert
713,#NULL!,2,#NULL!,6,#NULL!,1,#NULL!,#NULL!,#NULL!,2,1,Suboptimal/Expert
714,#NULL!,6.5,#NULL!,7,#NULL!,4.5,#NULL!,#NULL!,#NULL!,2,1,Suboptimal/Expert
715,#NULL!,3,#NULL!,7,#NULL!,2,#NULL!,#NULL!,#NULL!,2,1,Suboptimal/Expert
716,#NULL!,2.5,#NULL!,8,#NULL!,2,#NULL!,#NULL!,#NULL!,2,1,Suboptimal/Expert
717,#NULL!,5.5,#NULL!,8,#NULL!,4,#NULL!,#NULL!,#NULL!,2,1,Suboptimal/Expert
718,#NULL!,3.5,#NULL!,5,#NULL!,3,#NULL!,#NULL!,#NULL!,2,1,Suboptimal/Expert
719,#NULL!,2.5,#NULL!,6,#NULL!,2,#NULL!,#NULL!,#NULL!,2,1,Suboptimal/Expert
720,#NULL!,#NULL!,#NULL!,#NULL!,#NULL!,#NULL!,#NULL!,#NULL!,#NULL!,2,1,Suboptimal/Expert
721,#NULL!,#NULL!,#NULL!,#NULL!,#NULL!,#NULL!,#NULL!,#NULL!,#NULL!,2,1,Suboptimal/Expert
722,#NULL!,#NULL!,#NULL!,#NULL!,#NULL!,#NULL!,#NULL!,#NULL!,#NULL!,2,1,Suboptimal/Expert
723,#NULL!,#NULL!,#NULL!,#NULL!,#NULL!,#NULL!,#NULL!,#NULL!,#NULL!,2,1,Suboptimal/Expert
724,#NULL!,#NULL!,#NULL!,#NULL!,#NULL!,#NULL!,#NULL!,#NULL!,#NULL!,2,1,Suboptimal/Expert
725,#NULL!,#NULL!,#NULL!,#NULL!,#NULL!,#NULL!,#NULL!,#NULL!,#NULL!,2,1,Suboptimal/Expert
726,#NULL!,#NULL!,#NULL!,#NULL!,#NULL!,#NULL!,#NULL!,#NULL!,#NULL!,2,1,Suboptimal/Expert
727,#NULL!,#NULL!,#NULL!,#NULL!,#NULL!,#NULL!,#NULL!,#NULL!,#NULL!,2,1,Suboptimal/Expert
728,#NULL!,#NULL!,#NULL!,#NULL!,#NULL!,#NULL!,#NULL!,#NULL!,#NULL!,2,1,Suboptimal/Expert
729,#NULL!,#NULL!,#NULL!,#NULL!,#NULL!,#NULL!,#NULL!,#NULL!,#NULL!,2,1,Suboptimal/Expert
730,#NULL!,#NULL!,#NULL!,#NULL!,#NULL!,#NULL!,#NULL!,#NULL!,#NULL!,2,1,Suboptimal/Expert
731,#NULL!,#NULL!,#NULL!,#NULL!,#NULL!,#NULL!,#NULL!,#NULL!,#NULL!,2,1,Suboptimal/Expert
732,#NULL!,#NULL!,#NULL!,#NULL!,#NULL!,#NULL!,#NULL!,#NULL!,#NULL!,2,1,Suboptimal/Expert
733,#NULL!,#NULL!,#NULL!,#NULL!,#NULL!,#NULL!,#NULL!,#NULL!,#NULL!,2,1,Suboptimal/Expert
734,#NULL!,#NULL!,#NULL!,#NULL!,#NULL!,#NULL!,#NULL!,#NULL!,#NULL!,2,1,Suboptimal/Expert
735,#NULL!,#NULL!,#NULL!,#NULL!,#NULL!,#NULL!,#NULL!,#NULL!,#NULL!,2,1,Suboptimal/Expert
736,#NULL!,#NULL!,#NULL!,#NULL!,#NULL!,#NULL!,#NULL!,#NULL!,#NULL!,2,1,Suboptimal/Expert
737,#NULL!,#NULL!,#NULL!,#NULL!,#NULL!,#NULL!,#NULL!,#NULL!,#NULL!,2,1,Suboptimal/Expert
738,#NULL!,#NULL!,#NULL!,#NULL!,#NULL!,#NULL!,#NULL!,#NULL!,#NULL!,2,1,Suboptimal/Expert
739,#NULL!,#NULL!,#NULL!,#NULL!,#NULL!,#NULL!,#NULL!,#NULL!,#NULL!,2,1,Suboptimal/Expert
740,#NULL!,#NULL!,#NULL!,#NULL!,#NULL!,#NULL!,#NULL!,#NULL!,#NULL!,2,1,Suboptimal/Expert
741,#NULL!,#NULL!,#NULL!,#NULL!,#NULL!,#NULL!,#NULL!,#NULL!,#NULL!,2,1,Suboptimal/Expert
742,#NULL!,#NULL!,#NULL!,#NULL!,#NULL!,#NULL!,#NULL!,#NULL!,#NULL!,2,1,Suboptimal/Expert
743,#NULL!,#NULL!,#NULL!,#NULL!,#NULL!,#NULL!,#NULL!,#NULL!,#NULL!,2,1,Suboptimal/Expert
744,#NULL!,#NULL!,#NULL!,#NULL!,#NULL!,#NULL!,#NULL!,#NULL!,#NULL!,2,1,Suboptimal/Expert
745,#NULL!,#NULL!,#NULL!,#NULL!,#NULL!,#NULL!,#NULL!,#NULL!,#NULL!,2,1,Suboptimal/Expert
746,#NULL!,#NULL!,#NULL!,#NULL!,#NULL!,#NULL!,#NULL!,#NULL!,#NULL!,2,1,Suboptimal/Expert
747,#NULL!,#NULL!,#NULL!,#NULL!,#NULL!,#NULL!,#NULL!,#NULL!,#NULL!,2,1,Suboptimal/Expert
748,#NULL!,#NULL!,#NULL!,#NULL!,#NULL!,#NULL!,#NULL!,#NULL!,#NULL!,2,1,Suboptimal/Expert
749,#NULL!,#NULL!,#NULL!,#NULL!,#NULL!,#NULL!,#NULL!,#NULL!,#NULL!,2,1,Suboptimal/Expert
750,#NULL!,#NULL!,#NULL!,#NULL!,#NULL!,#NULL!,#NULL!,#NULL!,#NULL!,2,1,Suboptimal/Expert
751,#NULL!,#NULL!,#NULL!,#NULL!,#NULL!,#NULL!,#NULL!,#NULL!,#NULL!,2,1,Suboptimal/Expert
752,#NULL!,#NULL!,#NULL!,#NULL!,#NULL!,#NULL!,#NULL!,#NULL!,#NULL!,2,1,Suboptimal/Expert
753,#NULL!,#NULL!,#NULL!,#NULL!,#NULL!,#NULL!,#NULL!,#NULL!,#NULL!,2,1,Suboptimal/Expert
754,#NULL!,#NULL!,#NULL!,#NULL!,#NULL!,#NULL!,#NULL!,#NULL!,#NULL!,2,1,Suboptimal/Expert
755,#NULL!,#NULL!,#NULL!,#NULL!,#NULL!,#NULL!,#NULL!,#NULL!,#NULL!,2,1,Suboptimal/Expert
756,5,5,4,8,2.5,2.5,5,6,2.5,2,2,Suboptimal/Non-Expert
757,4,4,6,3,1.5,1.5,4,4.5,1.5,2,2,Suboptimal/Non-Expert
758,1,1,7,8,1,1,1,7.5,1,2,2,Suboptimal/Non-Expert
759,4,2,6,4,4,3.5,3,5,3.75,2,2,Suboptimal/Non-Expert
760,1,1,8,8,1,1,1,8,1,2,2,Suboptimal/Non-Expert
761,1,1,9,9,1,1,1,9,1,2,2,Suboptimal/Non-Expert
762,1,1,9,9,1,1,1,9,1,2,2,Suboptimal/Non-Expert
763,2,2,5,5,2,2,2,5,2,2,2,Suboptimal/Non-Expert
764,2,3,7,7,2.5,3,2.5,7,2.75,2,2,Suboptimal/Non-Expert
765,1.5,1.5,6,7,1,1,1.5,6.5,1,2,2,Suboptimal/Non-Expert
766,2,1,6,9,1.5,1.5,1.5,7.5,1.5,2,2,Suboptimal/Non-Expert
767,2,1,8,9,2.5,1,1.5,8.5,1.75,2,2,Suboptimal/Non-Expert
768,1,1,9,8,1,2,1,8.5,1.5,2,2,Suboptimal/Non-Expert
769,3,3,9,9,1,1,3,9,1,2,2,Suboptimal/Non-Expert
770,7.5,8.5,9,8,4.5,4,8,8.5,4.25,2,2,Suboptimal/Non-Expert
771,2.5,2,6,6,3,2,2.25,6,2.5,2,2,Suboptimal/Non-Expert
772,1,1,9,9,1,1,1,9,1,2,2,Suboptimal/Non-Expert
773,2,6.5,8,7,1.5,2,4.25,7.5,1.75,2,2,Suboptimal/Non-Expert
774,3,4.5,3,2,2.5,2,3.75,2.5,2.25,2,2,Suboptimal/Non-Expert
775,2,1.5,9,9,2,2,1.75,9,2,2,2,Suboptimal/Non-Expert
776,1,1.5,8,8,1,1,1.25,8,1,2,2,Suboptimal/Non-Expert
777,1,1,9,9,1,1,1,9,1,2,2,Suboptimal/Non-Expert
778,2,2,8,6,1.5,2,2,7,1.75,2,2,Suboptimal/Non-Expert
779,1.5,1.5,8,8,1,1,1.5,8,1,2,2,Suboptimal/Non-Expert
780,1,1,8,8,1,1,1,8,1,2,2,Suboptimal/Non-Expert
781,1,1,5,6,1,1,1,5.5,1,2,2,Suboptimal/Non-Expert
782,1,1,9,9,2,2,1,9,2,2,2,Suboptimal/Non-Expert
783,1,1.5,9,9,1,1.5,1.25,9,1.25,2,2,Suboptimal/Non-Expert
784,1.5,1,5,9,2,1,1.25,7,1.5,2,2,Suboptimal/Non-Expert
785,1,1,6,6,1,1,1,6,1,2,2,Suboptimal/Non-Expert
786,1,1,9,9,1,1,1,9,1,2,2,Suboptimal/Non-Expert
787,2,1,5,8,2,1,1.5,6.5,1.5,2,2,Suboptimal/Non-Expert
788,1,1,9,9,1,1,1,9,1,2,2,Suboptimal/Non-Expert
789,4.5,5.5,9,9,1,4.5,5,9,2.75,2,2,Suboptimal/Non-Expert
790,1,1,7,7,3,3,1,7,3,2,2,Suboptimal/Non-Expert
791,1,1,9,9,1,1,1,9,1,2,2,Suboptimal/Non-Expert
792,3.5,3,5,6,1,1,3.25,5.5,1,2,2,Suboptimal/Non-Expert
793,2,2,8,8,2,2.5,2,8,2.25,2,2,Suboptimal/Non-Expert
794,2.5,2.5,5,5,2.5,2.5,2.5,5,2.5,2,2,Suboptimal/Non-Expert
795,1,1,9,9,1,1,1,9,1,2,2,Suboptimal/Non-Expert
796,6,1.5,5,6,4,1.5,3.75,5.5,2.75,2,2,Suboptimal/Non-Expert
797,1,1,8,8,1,1,1,8,1,2,2,Suboptimal/Non-Expert
798,1,1,7,7,1,1,1,7,1,2,2,Suboptimal/Non-Expert
799,1,1,9,9,1,1,1,9,1,2,2,Suboptimal/Non-Expert
800,3.5,4.5,6,7,4,6.5,4,6.5,5.25,2,2,Suboptimal/Non-Expert
801,1.5,3,6,5,1,1,2.25,5.5,1,2,2,Suboptimal/Non-Expert
802,6,5.5,6,8,7,3,5.75,7,5,2,2,Suboptimal/Non-Expert
803,1,1,3,3,3.5,2,1,3,2.75,2,2,Suboptimal/Non-Expert
804,5.5,5,7,7,2.5,2,5.25,7,2.25,2,2,Suboptimal/Non-Expert
805,7.5,3.5,5,9,4,3.5,5.5,7,3.75,2,2,Suboptimal/Non-Expert
806,2.5,2.5,8,8,2,2,2.5,8,2,2,2,Suboptimal/Non-Expert
807,3,3,7,7,4.5,2.5,3,7,3.5,2,2,Suboptimal/Non-Expert
808,1,3.5,9,5,1,2,2.25,7,1.5,2,2,Suboptimal/Non-Expert
809,1,1,9,9,1,1,1,9,1,2,2,Suboptimal/Non-Expert
810,2,2,7,7,2,2,2,7,2,2,2,Suboptimal/Non-Expert
811,2,1.5,7,8,2,2,1.75,7.5,2,2,2,Suboptimal/Non-Expert
812,4,4,3,3,1.5,2,4,3,1.75,2,2,Suboptimal/Non-Expert
813,2,4,5,4,1.5,4,3,4.5,2.75,2,2,Suboptimal/Non-Expert
814,6,2.5,4,6,5,4,4.25,5,4.5,2,2,Suboptimal/Non-Expert
815,1,1,9,9,1,1,1,9,1,2,2,Suboptimal/Non-Expert
816,4,4.5,6,6,3,3,4.25,6,3,2,2,Suboptimal/Non-Expert
817,1,1,4,4,1,1,1,4,1,2,2,Suboptimal/Non-Expert
818,1,1,5,5,1,1,1,5,1,2,2,Suboptimal/Non-Expert
819,2,1,3,3,1.5,1,1.5,3,1.25,2,2,Suboptimal/Non-Expert
820,6,3,5,6,4,5,4.5,5.5,4.5,2,2,Suboptimal/Non-Expert
821,6,6,7,7,4,3.5,6,7,3.75,2,2,Suboptimal/Non-Expert
822,2,1.5,8,9,1,1,1.75,8.5,1,2,2,Suboptimal/Non-Expert
823,4,3,8,8,5,5,3.5,8,5,2,2,Suboptimal/Non-Expert
824,1,1,9,9,1,1,1,9,1,2,2,Suboptimal/Non-Expert
825,1.5,1,8,9,1,1,1.25,8.5,1,2,2,Suboptimal/Non-Expert
826,6,3.5,8,8,2,3,4.75,8,2.5,2,2,Suboptimal/Non-Expert
827,1,1.5,5,3,1,2.5,1.25,4,1.75,2,2,Suboptimal/Non-Expert
828,1,1.5,5,8,1,1.5,1.25,6.5,1.25,2,2,Suboptimal/Non-Expert
829,6,4,5,7,2.5,2,5,6,2.25,2,2,Suboptimal/Non-Expert
830,1,5,9,5,1,3,3,7,2,2,2,Suboptimal/Non-Expert
831,4,3.5,7,8,2,3,3.75,7.5,2.5,2,2,Suboptimal/Non-Expert
832,4,4,8,7,2,2,4,7.5,2,2,2,Suboptimal/Non-Expert
833,5,4,8,9,2.5,1,4.5,8.5,1.75,2,2,Suboptimal/Non-Expert
834,1.5,2,8,8,2,1.5,1.75,8,1.75,2,2,Suboptimal/Non-Expert
835,3,3,5,5,4,4,3,5,4,2,2,Suboptimal/Non-Expert
836,1,1.5,9,9,1,1,1.25,9,1,2,2,Suboptimal/Non-Expert
837,1,1,9,9,1,1,1,9,1,2,2,Suboptimal/Non-Expert
838,2,3.5,8,9,2,2,2.75,8.5,2,2,2,Suboptimal/Non-Expert
839,1.5,1,8,8,1.5,1,1.25,8,1.25,2,2,Suboptimal/Non-Expert
840,1,1,9,9,1,1,1,9,1,2,2,Suboptimal/Non-Expert
841,2,2,8,8,2,2,2,8,2,2,2,Suboptimal/Non-Expert
842,1,3,9,9,1,2,2,9,1.5,2,2,Suboptimal/Non-Expert
843,5,1,9,9,1,1,3,9,1,2,2,Suboptimal/Non-Expert
844,1.5,2,5,5,2,2,1.75,5,2,2,2,Suboptimal/Non-Expert
845,1,1,9,9,1,1,1,9,1,2,2,Suboptimal/Non-Expert
846,2.5,1.5,8,9,2.5,2,2,8.5,2.25,2,2,Suboptimal/Non-Expert
847,5.5,5,7,7,3,3.5,5.25,7,3.25,2,2,Suboptimal/Non-Expert
848,1,1,9,9,1,1,1,9,1,2,2,Suboptimal/Non-Expert
849,3.5,3.5,5,5,1,1,3.5,5,1,2,2,Suboptimal/Non-Expert
850,1,1,5,5,1,1,1,5,1,2,2,Suboptimal/Non-Expert
851,1,1,9,9,1,1,1,9,1,2,2,Suboptimal/Non-Expert
852,1,1,9,9,1,1,1,9,1,2,2,Suboptimal/Non-Expert
853,1,1,9,9,2,2,1,9,2,2,2,Suboptimal/Non-Expert
854,7.5,5,5,5,5.5,3,6.25,5,4.25,2,2,Suboptimal/Non-Expert
855,1,1.5,2,1,1,1,1.25,1.5,1,2,2,Suboptimal/Non-Expert
856,1,1,8,8,1,1,1,8,1,2,2,Suboptimal/Non-Expert
857,1.5,1.5,1,1,1,1,1.5,1,1,2,2,Suboptimal/Non-Expert
858,1,1,6,5,1,1,1,5.5,1,2,2,Suboptimal/Non-Expert
859,4,2,6,7,2,2,3,6.5,2,2,2,Suboptimal/Non-Expert
860,2,3,8,8,2,2,2.5,8,2,2,2,Suboptimal/Non-Expert
861,2,2.5,5,5,1,1,2.25,5,1,2,2,Suboptimal/Non-Expert
862,2,2,8,5,1,1.5,2,6.5,1.25,2,2,Suboptimal/Non-Expert
863,3.5,3.5,5,6,3.5,4.5,3.5,5.5,4,2,2,Suboptimal/Non-Expert
864,4,1,6,9,4,1,2.5,7.5,2.5,2,2,Suboptimal/Non-Expert
865,1,1,8,8,1,1,1,8,1,2,2,Suboptimal/Non-Expert
866,1,8.5,9,5,1,4,4.75,7,2.5,2,2,Suboptimal/Non-Expert
867,1,1,9,9,1,1,1,9,1,2,2,Suboptimal/Non-Expert
868,3,3,8,8,1,1,3,8,1,2,2,Suboptimal/Non-Expert
869,4,3,8,8,2,4.5,3.5,8,3.25,2,2,Suboptimal/Non-Expert
870,1,1,9,9,1,1,1,9,1,2,2,Suboptimal/Non-Expert
871,1,1,9,9,1,1,1,9,1,2,2,Suboptimal/Non-Expert
872,1,1,9,9,1,1,1,9,1,2,2,Suboptimal/Non-Expert
873,1,1,9,9,1,1,1,9,1,2,2,Suboptimal/Non-Expert
874,1,1.5,8,8,1,1,1.25,8,1,2,2,Suboptimal/Non-Expert
875,1,1,9,9,1,1,1,9,1,2,2,Suboptimal/Non-Expert
876,1,1.5,6,6,1,1,1.25,6,1,2,2,Suboptimal/Non-Expert
877,1,1,9,9,1,1,1,9,1,2,2,Suboptimal/Non-Expert
878,1,1,9,9,1,1,1,9,1,2,2,Suboptimal/Non-Expert
879,4,2,8,9,2.5,1,3,8.5,1.75,2,2,Suboptimal/Non-Expert
880,1,1,7,9,1,1,1,8,1,2,2,Suboptimal/Non-Expert
881,1,1,5,8,1,1,1,6.5,1,2,2,Suboptimal/Non-Expert
882,1,4,9,8,1,1.5,2.5,8.5,1.25,2,2,Suboptimal/Non-Expert
883,3,3,7,8,2.5,3.5,3,7.5,3,2,2,Suboptimal/Non-Expert
884,1,1,9,9,1,1,1,9,1,2,2,Suboptimal/Non-Expert
885,1,1,9,9,1,1,1,9,1,2,2,Suboptimal/Non-Expert
886,5,6.5,5,1,1,5,5.75,3,3,2,2,Suboptimal/Non-Expert
887,2.5,2.5,8,8,1,2,2.5,8,1.5,2,2,Suboptimal/Non-Expert
888,1.5,1.5,7,8,2,2,1.5,7.5,2,2,2,Suboptimal/Non-Expert
889,2,2.5,6,6,1,1,2.25,6,1,2,2,Suboptimal/Non-Expert
890,1.5,5,8,7,1,3,3.25,7.5,2,2,2,Suboptimal/Non-Expert
891,1,1,9,9,1,1,1,9,1,2,2,Suboptimal/Non-Expert
892,1,1,9,9,1,1,1,9,1,2,2,Suboptimal/Non-Expert
893,2,1.5,9,9,2,1.5,1.75,9,1.75,2,2,Suboptimal/Non-Expert
894,1.5,2.5,9,8,1,3,2,8.5,2,2,2,Suboptimal/Non-Expert
895,1,1,9,9,1,1,1,9,1,2,2,Suboptimal/Non-Expert
896,1,1,8,7,1,1.5,1,7.5,1.25,2,2,Suboptimal/Non-Expert
897,1,1,9,9,1,1,1,9,1,2,2,Suboptimal/Non-Expert
898,3.5,1.5,7,8,4,3,2.5,7.5,3.5,2,2,Suboptimal/Non-Expert
899,2,3.5,5,5,1.5,2,2.75,5,1.75,2,2,Suboptimal/Non-Expert
900,3,1.5,9,9,1,1,2.25,9,1,2,2,Suboptimal/Non-Expert
901,2,3,9,9,1,1.5,2.5,9,1.25,2,2,Suboptimal/Non-Expert
902,2,2,7,7,1,1,2,7,1,2,2,Suboptimal/Non-Expert
903,1,1,5,7,1,1,1,6,1,2,2,Suboptimal/Non-Expert
904,2,1.5,8,8,1,1,1.75,8,1,2,2,Suboptimal/Non-Expert
905,2.5,1.5,7,8,1.5,1.5,2,7.5,1.5,2,2,Suboptimal/Non-Expert
906,1,4.5,9,6,1,4,2.75,7.5,2.5,2,2,Suboptimal/Non-Expert
907,5,3.5,3,6,3.5,2,4.25,4.5,2.75,2,2,Suboptimal/Non-Expert
908,6.5,1,9,9,1,1,3.75,9,1,2,2,Suboptimal/Non-Expert
909,3,3,9,9,1,1,3,9,1,2,2,Suboptimal/Non-Expert
910,2.5,1.5,9,6,1,1.5,2,7.5,1.25,2,2,Suboptimal/Non-Expert
911,1,1,9,9,1.5,2,1,9,1.75,2,2,Suboptimal/Non-Expert
912,1,1,9,9,1,1,1,9,1,2,2,Suboptimal/Non-Expert
913,2.5,2,8,8,2,1,2.25,8,1.5,2,2,Suboptimal/Non-Expert
914,2.5,4,8,8,2,1.5,3.25,8,1.75,2,2,Suboptimal/Non-Expert
915,3,4.5,6,7,2,2,3.75,6.5,2,2,2,Suboptimal/Non-Expert
916,1,4,9,5,1,2,2.5,7,1.5,2,2,Suboptimal/Non-Expert
917,4.5,4,6,5,3,5,4.25,5.5,4,2,2,Suboptimal/Non-Expert
918,4.5,5,5,6,3,4.5,4.75,5.5,3.75,2,2,Suboptimal/Non-Expert
919,3,5,9,9,1,1,4,9,1,2,2,Suboptimal/Non-Expert
920,2,1,9,9,3,1,1.5,9,2,2,2,Suboptimal/Non-Expert
921,1,1,1,1,1,1,1,1,1,2,2,Suboptimal/Non-Expert
922,1,1,9,9,1,1,1,9,1,2,2,Suboptimal/Non-Expert
923,7,4.5,5,5,3,3.5,5.75,5,3.25,2,2,Suboptimal/Non-Expert
924,1,1,9,9,1,1,1,9,1,2,2,Suboptimal/Non-Expert
925,1.5,2.5,9,8,2.5,3.5,2,8.5,3,2,2,Suboptimal/Non-Expert
926,1,1,9,9,1,1,1,9,1,2,2,Suboptimal/Non-Expert
927,1,1,8,9,1,1,1,8.5,1,2,2,Suboptimal/Non-Expert
928,2,1.5,9,9,1,1,1.75,9,1,2,2,Suboptimal/Non-Expert
929,1,1,9,9,1,1,1,9,1,2,2,Suboptimal/Non-Expert
930,1,1,9,9,1,1,1,9,1,2,2,Suboptimal/Non-Expert
931,1,2,9,8,1,1.5,1.5,8.5,1.25,2,2,Suboptimal/Non-Expert
932,1,1,5,5,2,2,1,5,2,2,2,Suboptimal/Non-Expert
933,4,1,9,9,1,1,2.5,9,1,2,2,Suboptimal/Non-Expert
934,1,1.5,8,7,1,1,1.25,7.5,1,2,2,Suboptimal/Non-Expert
935,2,1,7,9,1.5,1,1.5,8,1.25,2,2,Suboptimal/Non-Expert
936,3.5,5,4,6,3,3,4.25,5,3,2,2,Suboptimal/Non-Expert
937,3.5,2,7,9,2,1,2.75,8,1.5,2,2,Suboptimal/Non-Expert
938,2.5,1.5,7,9,1,1,2,8,1,2,2,Suboptimal/Non-Expert
939,2.5,2.5,5,5,2.5,2.5,2.5,5,2.5,2,2,Suboptimal/Non-Expert
940,1.5,1.5,5,7,2,2.5,1.5,6,2.25,2,2,Suboptimal/Non-Expert
941,2,2.5,8,8,2,2,2.25,8,2,2,2,Suboptimal/Non-Expert
942,5,3,8,9,1,1,4,8.5,1,2,2,Suboptimal/Non-Expert
943,1.5,1,9,8,1,1.5,1.25,8.5,1.25,2,2,Suboptimal/Non-Expert
944,6,#NULL!,8,#NULL!,6,#NULL!,#NULL!,#NULL!,#NULL!,2,2,Suboptimal/Non-Expert
945,1,#NULL!,9,#NULL!,1,#NULL!,#NULL!,#NULL!,#NULL!,2,2,Suboptimal/Non-Expert
946,7,#NULL!,5,#NULL!,7,#NULL!,#NULL!,#NULL!,#NULL!,2,2,Suboptimal/Non-Expert
947,1,#NULL!,9,#NULL!,1,#NULL!,#NULL!,#NULL!,#NULL!,2,2,Suboptimal/Non-Expert
948,8,#NULL!,7,#NULL!,4.5,#NULL!,#NULL!,#NULL!,#NULL!,2,2,Suboptimal/Non-Expert
949,1,#NULL!,9,#NULL!,1,#NULL!,#NULL!,#NULL!,#NULL!,2,2,Suboptimal/Non-Expert
950,2.5,#NULL!,3,#NULL!,2,#NULL!,#NULL!,#NULL!,#NULL!,2,2,Suboptimal/Non-Expert
951,4,#NULL!,4,#NULL!,4,#NULL!,#NULL!,#NULL!,#NULL!,2,2,Suboptimal/Non-Expert
952,3,#NULL!,7,#NULL!,1,#NULL!,#NULL!,#NULL!,#NULL!,2,2,Suboptimal/Non-Expert
953,1,#NULL!,9,#NULL!,1,#NULL!,#NULL!,#NULL!,#NULL!,2,2,Suboptimal/Non-Expert
954,7,#NULL!,7,#NULL!,4.5,#NULL!,#NULL!,#NULL!,#NULL!,2,2,Suboptimal/Non-Expert
955,1,#NULL!,9,#NULL!,1,#NULL!,#NULL!,#NULL!,#NULL!,2,2,Suboptimal/Non-Expert
956,3,#NULL!,6,#NULL!,3.5,#NULL!,#NULL!,#NULL!,#NULL!,2,2,Suboptimal/Non-Expert
957,3,#NULL!,7,#NULL!,2.5,#NULL!,#NULL!,#NULL!,#NULL!,2,2,Suboptimal/Non-Expert
958,6.5,#NULL!,3,#NULL!,1.5,#NULL!,#NULL!,#NULL!,#NULL!,2,2,Suboptimal/Non-Expert
959,3,#NULL!,8,#NULL!,2,#NULL!,#NULL!,#NULL!,#NULL!,2,2,Suboptimal/Non-Expert
960,2.5,#NULL!,9,#NULL!,2,#NULL!,#NULL!,#NULL!,#NULL!,2,2,Suboptimal/Non-Expert
961,4.5,#NULL!,5,#NULL!,4,#NULL!,#NULL!,#NULL!,#NULL!,2,2,Suboptimal/Non-Expert
962,1,#NULL!,5,#NULL!,4.5,#NULL!,#NULL!,#NULL!,#NULL!,2,2,Suboptimal/Non-Expert
963,#NULL!,1,#NULL!,6,#NULL!,1,#NULL!,#NULL!,#NULL!,2,2,Suboptimal/Non-Expert
964,#NULL!,5,#NULL!,5,#NULL!,5,#NULL!,#NULL!,#NULL!,2,2,Suboptimal/Non-Expert
965,#NULL!,1.5,#NULL!,8,#NULL!,1.5,#NULL!,#NULL!,#NULL!,2,2,Suboptimal/Non-Expert
966,#NULL!,1,#NULL!,9,#NULL!,1,#NULL!,#NULL!,#NULL!,2,2,Suboptimal/Non-Expert
967,#NULL!,6,#NULL!,4,#NULL!,3.5,#NULL!,#NULL!,#NULL!,2,2,Suboptimal/Non-Expert
968,#NULL!,1,#NULL!,9,#NULL!,1,#NULL!,#NULL!,#NULL!,2,2,Suboptimal/Non-Expert
969,#NULL!,1,#NULL!,9,#NULL!,1.5,#NULL!,#NULL!,#NULL!,2,2,Suboptimal/Non-Expert
970,#NULL!,1,#NULL!,5,#NULL!,2,#NULL!,#NULL!,#NULL!,2,2,Suboptimal/Non-Expert
971,#NULL!,2.5,#NULL!,9,#NULL!,1,#NULL!,#NULL!,#NULL!,2,2,Suboptimal/Non-Expert
972,#NULL!,5.5,#NULL!,6,#NULL!,4,#NULL!,#NULL!,#NULL!,2,2,Suboptimal/Non-Expert
973,#NULL!,1,#NULL!,7,#NULL!,1,#NULL!,#NULL!,#NULL!,2,2,Suboptimal/Non-Expert
974,#NULL!,1,#NULL!,9,#NULL!,1,#NULL!,#NULL!,#NULL!,2,2,Suboptimal/Non-Expert
975,#NULL!,1,#NULL!,8,#NULL!,1,#NULL!,#NULL!,#NULL!,2,2,Suboptimal/Non-Expert
976,#NULL!,5.5,#NULL!,2,#NULL!,5.5,#NULL!,#NULL!,#NULL!,2,2,Suboptimal/Non-Expert
977,#NULL!,4,#NULL!,5,#NULL!,3,#NULL!,#NULL!,#NULL!,2,2,Suboptimal/Non-Expert
978,#NULL!,1,#NULL!,9,#NULL!,1,#NULL!,#NULL!,#NULL!,2,2,Suboptimal/Non-Expert
979,#NULL!,1,#NULL!,7,#NULL!,1,#NULL!,#NULL!,#NULL!,2,2,Suboptimal/Non-Expert
980,#NULL!,1,#NULL!,9,#NULL!,1,#NULL!,#NULL!,#NULL!,2,2,Suboptimal/Non-Expert
981,#NULL!,#NULL!,#NULL!,#NULL!,#NULL!,#NULL!,#NULL!,#NULL!,#NULL!,2,2,Suboptimal/Non-Expert
982,#NULL!,#NULL!,#NULL!,#NULL!,#NULL!,#NULL!,#NULL!,#NULL!,#NULL!,2,2,Suboptimal/Non-Expert
983,#NULL!,#NULL!,#NULL!,#NULL!,#NULL!,#NULL!,#NULL!,#NULL!,#NULL!,2,2,Suboptimal/Non-Expert
984,#NULL!,#NULL!,#NULL!,#NULL!,#NULL!,#NULL!,#NULL!,#NULL!,#NULL!,2,2,Suboptimal/Non-Expert
985,#NULL!,#NULL!,#NULL!,#NULL!,#NULL!,#NULL!,#NULL!,#NULL!,#NULL!,2,2,Suboptimal/Non-Expert
986,#NULL!,#NULL!,#NULL!,#NULL!,#NULL!,#NULL!,#NULL!,#NULL!,#NULL!,2,2,Suboptimal/Non-Expert
987,#NULL!,#NULL!,#NULL!,#NULL!,#NULL!,#NULL!,#NULL!,#NULL!,#NULL!,2,2,Suboptimal/Non-Expert
988,#NULL!,#NULL!,#NULL!,#NULL!,#NULL!,#NULL!,#NULL!,#NULL!,#NULL!,2,2,Suboptimal/Non-Expert
989,#NULL!,#NULL!,#NULL!,#NULL!,#NULL!,#NULL!,#NULL!,#NULL!,#NULL!,2,2,Suboptimal/Non-Expert
990,#NULL!,#NULL!,#NULL!,#NULL!,#NULL!,#NULL!,#NULL!,#NULL!,#NULL!,2,2,Suboptimal/Non-Expert
991,#NULL!,#NULL!,#NULL!,#NULL!,#NULL!,#NULL!,#NULL!,#NULL!,#NULL!,2,2,Suboptimal/Non-Expert
992,#NULL!,#NULL!,#NULL!,#NULL!,#NULL!,#NULL!,#NULL!,#NULL!,#NULL!,2,2,Suboptimal/Non-Expert
993,#NULL!,#NULL!,#NULL!,#NULL!,#NULL!,#NULL!,#NULL!,#NULL!,#NULL!,2,2,Suboptimal/Non-Expert
994,#NULL!,#NULL!,#NULL!,#NULL!,#NULL!,#NULL!,#NULL!,#NULL!,#NULL!,2,2,Suboptimal/Non-Expert
995,#NULL!,#NULL!,#NULL!,#NULL!,#NULL!,#NULL!,#NULL!,#NULL!,#NULL!,2,2,Suboptimal/Non-Expert
996,#NULL!,#NULL!,#NULL!,#NULL!,#NULL!,#NULL!,#NULL!,#NULL!,#NULL!,2,2,Suboptimal/Non-Expert
997,#NULL!,#NULL!,#NULL!,#NULL!,#NULL!,#NULL!,#NULL!,#NULL!,#NULL!,2,2,Suboptimal/Non-Expert
998,#NULL!,#NULL!,#NULL!,#NULL!,#NULL!,#NULL!,#NULL!,#NULL!,#NULL!,2,2,Suboptimal/Non-Expert
999,#NULL!,#NULL!,#NULL!,#NULL!,#NULL!,#NULL!,#NULL!,#NULL!,#NULL!,2,2,Suboptimal/Non-Expert
1000,#NULL!,#NULL!,#NULL!,#NULL!,#NULL!,#NULL!,#NULL!,#NULL!,#NULL!,2,2,Suboptimal/Non-Expert
1001,#NULL!,#NULL!,#NULL!,#NULL!,#NULL!,#NULL!,#NULL!,#NULL!,#NULL!,2,2,Suboptimal/Non-Expert
1002,#NULL!,#NULL!,#NULL!,#NULL!,#NULL!,#NULL!,#NULL!,#NULL!,#NULL!,2,2,Suboptimal/Non-Expert
1003,#NULL!,#NULL!,#NULL!,#NULL!,#NULL!,#NULL!,#NULL!,#NULL!,#NULL!,2,2,Suboptimal/Non-Expert
